id,keyword
1,crowd
2,fly
3,kid
4,kitchen
5,out of focus
6,portraits
7,paintings
8,opening
9,visitors
10,drawings
11,gallery
12,magazines
13,video art
14,text
15,screening
16,photographs
17,oil painting
18,sketches
19,installation
20,catalogue
21,concrete
22,Drums
23,Moon
24,Grainy
25,Calligraffiti
26,bodies
27,installation
28,architecture
29,pastel colours
30,bright colours
31,night
32,falouka
33,dancers
34,lights
35,audience
36,nile
37,wood
38,jewellery
39,pottery
40,box
41,plate
42,light patterns
43,screen
44,blinking
45,rumbling
46,metallic sound
47,lecture
48,talk
49,video
50,printing
51,powerpoint
52,powerpoint presentation
53,story
54,book illustrations
55,sepia colours
56,graph
57,venue
58,talk
59,audience questions
60,video clips
61,woodstock
62,conversation
63,music
64,Cairo Video Festival
65,8th edition
66,image
67,motion
68,dark
69,close-ups
70,bright flashes
71,Di Egy Festival
72,oral storytelling
73,fiction
74,interactive
75,education
76,thought development
77,geometrical shapes
78,Baghdad
79,Iraqi art
80,Gulf war
81,historical narratives
82,Le Corbusier
83,Electronica
84,shaabi
85,podcast
86,art writing
87,art criticism
88,art history
89,writing
90,retrospective exhibition
91,Alexandria school
92,Alexandria
93,surrealism
94,symbolism
95,animals
96,nature
97,coexistence
98,antropromorphism
99,birds
100,gold
101,memory
102,opening night
103,workshop
104,visual art
105,choreography
106,breaking walls festival
107,animation
108,transformation
109,Improvisation
110,live
111,experimental
112,video projection
113,red lighting
