id,name,name_ar,catids,categories,biography,biography_ar,website
1,8%,٨٪,,Music,,,
2,A.S.T. Alliance of the Southern Triangle,أ.س.ت.,,"Visual Art, Architecture and urban planning",,,
3,Abbas Akhavan,عباس أكافان,,"Visual Art, Performance",,,
4,Abdallah Abozekry,عبد الله أبو ذكري,,Music,,,
5,Abdel Hady El Gazzar,عبد الهادي الجزار,,Visual Art ,,,
6,Abdel Rahman Hussein,عبد الرحمن حسين,,"Music, Journalism",,,
7,Abdelaziz Ben Gaied Hassine,عبد العزيز بن جيد حسين,,"Visual Art, Performance",,,
8,Abdelbaset Hammouda,عبد الباسط حمودة,,Music,,,
9,Abdelkader Benchamma,عبد القادر بن شمة,,Visual Art,,,
10,Abdellah Karroum,عبد الله كروم,,"Visual Art, Curator",,,
11,Abdellatif Snoussi,عبد اللطيف سنوسي,,"Visual Art, Photography",,,
12,Abdelmonem Chouayet,عبد المنعم شويات,,Theatre ,,,
13,Abdelrahman Dnewar,عبد الرحمن دنيور,,"Visual Art, Film ",,,
14,Abdelsalam Moussa,عبد السلام موسى,,Film ,,,
15,Abdelwahab Hawam,عبد الوهاب حوام,,Visual Art ,,,
16,Abdul Hay Mosallam Zarara,عبد الحي مسلّم زرارة,,Visual Art ,,,
17,Abdullah Al Saadi,عبد الله السعدي,,Visual Art ,,,
18,Abdullah Miniawy,عبد الله المنياوي,,Music,,,
19,Abdullah Sabry,عبد الله صبري,,Visual art,,,
20,Abdullah Sharkas,عبد الله شركس,,Film,,,
21,Abdulrahman El Taliawi,عبد الرحمن الطلياوي,,"Architecture/Urban Planning, Journalism ",,,
22,Abed Kobeissy,عابد قبيسي,,Music ,,,
23,Abeer Fawzy,عبير فوزي,,Visual Art,,,
24,Abeer Rabei Younes Abazeed,عبير ربيع يونس أبو زيد,,Academia,,,
25,Abraham Cruzvillegas,أبراهام كروزفييغاس,,Visual Art,,,
26,Abyusif,أبيوسف,,Music,,,
27,Adam Elgabri,أدم الجبري,,"Academia, Journalism",,,
28,Adel Abidin,عادل عابدين,,"Visual Art, Film",,,
29,Adel El Siwi,عادل السيوي,,Visual Art ,,,
30,Adelita Husni-Bey,أدليتا حسني - بيه,,Visual Art ,,,
31,Adham Bakry,أدهم بكري,,"Visual Art, Design ",,,
32,Adham Hafez,أدهم حافظ,,"Performance, Dance, Music ",,,
33,Adham Zidan,أدهم زيدان,,Music,,,
34,Adrián Regnier Chávez,أدريان رجنيه تشافيز,,Visual Art,,,
35,Adrián Villar Rojas,أدريان فيلار روخاس,,Visual Art ,,,
36,Afnorock,أفنوروك,,"Visual Art, Music ",,,
37,Afrodite El Seesy,أفروديت السيسي,,Visual Art,,,
38,Ageda Kopla Taldea,اخيدا كوﭘلا تاليدا,,"Visual Art, Film",,,
39,Aggeliki Bozou,انجيليكي بوزو,,Visual Art ,,,
40,Ahmad Ghossein,أحمد غصين,,"Film, Performance ",,,
41,Ahmad Kubbara,أحمد كبارة,,"Sound Art , Music",,,
42,Ahmed Abdel Fattah,أحمد عبد الفتاح,,Visual Art,,,
43,Ahmed Achrafi,أحمد أشرفي,,,,,
44,Ahmed Ashmawy,أحمد عشماوي,,,,,
45,Ahmed Askalany,أحمد عسقلاني,,Visual Art,,,
46,Ahmed Badry,أحمد بدري,,Visual Art,,,
47,Ahmed Bahr,أحمد بحر,,Music,,,
48,Ahmed Basiony,أحمد بسيوني,,"Visual art, Music, Performance",,,
49,Ahmed El Aidi,أحمد العايدي,,Literature,,,
50,Ahmed El Attar,أحمد العطار,,Theatre ,,,
51,Ahmed El Gendy,أحمد الجندي,,"Visual Art, Performance, Dance",,,
52,Ahmed El Ghoneimy,أحمد الغنيمي,,Film,,,
53,Ahmed El Samra,أحمد السمرة,,"Visual art, Film",,,
54,Ahmed El Shaer,أحمد الشاعر,,Visual Art,,,
55,Ahmed Elkutt,أحمد القط,,Visual Art ,,,
56,Ahmed Elseweasy,أحمد السويسي,,Music,,,
57,Ahmed Fouad Rageb,أحمد فؤاد رجب,,"Visual art, Film",,,
58,Ahmed Galal,أحمد جلال,,Music,,,
59,Ahmed Hamed,أحمد حامد,,"Visual art, Photography",,,
60,Ahmed Hefnawy,أحمد حفناوي,,"Visual art, Design",,,
61,Ahmed Huras,أحمد حورس,,"Theater, Performance, Dance",,,
62,Ahmed Kamel,أحمد كامل,,Visual Art ,,,
63,Ahmed Khaled,أحمد خالد,,"Visual art, Film",,,
64,Ahmed Laithey,أحمد الليسي,,Visual art,,,
65,Ahmed Maher Gad,أحمد ماهر جاد,,Dance,,,
66,Ahmed Mohsen Mansour,أحمد محسن منصور,,Visual Art ,,,
67,Ahmed Mongey,أحمد منجي,,Visual Art ,,,
68,Ahmed Morsi,أحمد مرسي,,Visual Art ,,,
69,Ahmed Nagy,أحمد ناجي,,Visual Art ,,,
70,Ahmed Naji,أحمد ناجي,,"Literature, Journalism",,,
71,Ahmed Sabry,أحمد صبري,,Visual Art,,,
72,Ahmed Safyeldin,أحمد صفي الدين,,"Visual art, film",,,
73,Ahmed Saleh,أحمد صالح,,Music,,,
74,Ahmed Shawky Hassan,أحمد شوقي حسن,,Visual art,,,
75,Ahmed Shoukry,أحمد شكري,,Theater,,,
76,Ahmed Soliman,أحمد سليمان,,Visual art,,,
77,Ahmed Sorour,أحمد سرور,,Visual art,,,
78,Ahmed Swilam,أحمد سويلم,,,,,
79,Ahmed Talal,أحمد طلال,,Visual Art,,,
80,Ahmed Tawfig,أحمد توفيج,,Visual Art,,,
81,Ahmed Tito,أحمد تيتو,,Music,,,
82,Ahmed Zaazaa,أحمد زعزع,,Architecture/Urban Planning,,,
83,Aida El Kashef,عايدة الكاشف,,Film,,,
84,Aida Eltorie,عايدة الترعي,,"Visual Art, Curator",,,
85,Ainara López,انارة لوبيز,,Visual art,,,
86,Aisha Alshabrawy,عائشة الشبراوي,,"Visual Art, Photography",,,
87,Akeel Khreef,عقيل خريف,,"Visual Art",,,
88,Akram Zaatari,أكرم زعترى,,"Visual art, Film ",,,
89,Al Kaml Rajab,الكامل رجب,,"Dance, Music",,,
90,Al-Moataz Bellah Moussa,المعتز بالله موسى,,Music,,,
91,Ala Younis,آلاء يونس,,Visual Art,,,
92,Alaa Abdel Hamid,علاء عبد الحميد,,Visual Art,,,
93,Alaaeddin Jaber, علاء الدين جبر,,Visual Art,,,
94,Alan Bishop,آلان بيشوب,,Music,,,
95,Alban (Aram Arnavoudian),ألبان,,Visual Art,,,
96,Aleksandra Waliszewska,ألكسندرا وليس وسكة,,Visual Art ,,,
97,Alexandru Petru Badelita,أليكسندرو ﭘيترو باديليتا,,Film ,,,
98,Aleya Hamza,علية حمزة,,"Visual Art , Curator",,,
99,Ali Abdel Mohsen,علي عبد المحسن,,"Visual Art, Journalism, Curator",,,
100,Ali Atef,علي عاطف,,,,,
101,Ali Cherri,علي شري,,Visual Art ,,,
102,Ali Hout,علي حوت,,Music,,,
103,Ali Jabri,علي جابري,,Visual Art ,,,
104,Ali Soliman,علي سليمان,,Music,,,
105,Aliaa Salah,علياء صلاح,,"Visual art, Design",,,
106,Alicja Rogalska,أليسيا رجلسكة,,Visual art,,,
107,Alif,الألف,,Music,,,
108,Allora & Calzadilla,ألورا وكالزاديلا,,Visual Art ,,,
109,Alma Salem,ألما سالم,,Visual Art ,,,
110,Alvaro Sau,الفارو سو,,Film,,,
111,Aly Khamees,علي خميس,,Dance,,,
112,Aly Khamees,علي خميس,,"Dance, Theater, Film",,,
113,Aly Talibab,علي طالباب,,Music,,,
114,Alya El Chiati,عالياء الشياتي,,"Visual art, Design, Architecture",,,
115,Alyaa Sadek,عليا صادق,,Visual Art ,,,
116,Amado Alfadni,أمادو الفادني,,Visual Art ,,,
117,Amal Saeed,أمل سعيد,,Visual Art ,,,
118,Amanda Kerdahi,أماندا قرداحي,,Visual art,,,
119,Amany Abouzeid,أماني أبو زيد,,Arts management,,,
120,Amany Atef,أماني عاطف,,"Dance, Theater",,,
121,Amany Nabil,أماني نبيل,,Visual Art ,,,
122,Amina El Banna,أمينة البنا,,Visual Art,,,
123,Amina Kadous,أمينة قادوس,,Visual art,,,
124,Amine Ennouri,أمين النوري,,Music,,,
125,Amir Elsaffar,أمير الصفار,,Music,,,
126,Amir Rasmy,أمير رسمي,,Music,,,
127,Amir Rizk,أمير رزق,,Music,,,
128,Amir Salah El-Deen,أمير صلاح الدين,,Music,,,
129,Amira El Badry,أميرة البدري,,Visual Art ,,,
130,Amira Fahmy,أميرة فهمي,,Visual Art,,,
131,Amira Hanafi,أميرة حنفي,,Visual Art ,,,
132,Ammar Abo Bakr,عمار أبو بكر,,Visual Art,,,
133,Amna Badawy,امنة بدوي,,Visual art,,,
134,Amr Adel,عمرو عادل,,Visual Art ,,,
135,Amr Ali, عمرو علي,,Visual art,,,
136,Amr Amer, عمرو عامر,,Visual art,,,
137,Amr El Kafrawy,عمرو الكفراوي,,"Visual art, Design",,,
138,Amr El Maghraby,عمرو المغربي,,"Visual art, Film",,,
139,Amr Hefny,عمرو حفني,,Music,,,
140,Amro Okacha,عمرو عكاشة,,Visual art,,,
141,Amro Thabit,عمرو ثابت,,Design,,,
142,Amy Arif,ايمي عريف,,Visual art,,,
143,Andeel,أنديل,,"Visual art, Design",,,
144,Ander Duque,أندير دوكيه,,"Film, Music ",,,
145,André Romão,أندريه روماو,,"Design, Visual art",,,
146,Andrea Thal,أندريا تال,,"Visual art, Curator",,,
147,Andy Field,أندي فيلد,,Visual Art,,,
148,Aneta Rostkowska,أنيتا رستكوسكة,,Curator,,,
149,Angela Harutyunyan,أنجيلا هاروتيونيان,,"Curator, Art Historian",,,
150,Angie Balata,أنجي بلاطة,,Visual art,,,
151,Ania Szremski,أنيا سزرمسكي,,"Curator, Visual art",,,
152,Anna Boghiguian,آنا بوغيجيان,,Visual art,,,
153,Anna Pearce,أنا بيرس,,Dance ,,,
154,Anne Haaning,أن هانينج,,Visual Art,,,
155,Anne-Sophie Lancelin,آن-صوفي لنسلٍ,,Dance ,,,
156,Anri Sala,أنري سالا,,"Visual Art, Film",,,
157,Anton Vidokle,انطون فيدوكل,,"Visual Art, Film, Journalism",,,
158,Antonia Alampi,انتونيا الامبي,,"Visual art, Curator",,,
159,Ariane Koch,أريان كوتش,,Visual art,,,
160,Arjen de Leeuw,ارجن د ليو,,Visual art,,,
161,Armand,أرمان,,Visual art,,,
162,Árnadóttir & Ámundason,أورتنادوتير وأومينداسون,,Visual art,,,
163,Arnaud Kehon,آرنو كيون,,Visual art,,,
164,Arturo Lindsay,ارتورو ليندسي,,Visual Art,,,
165,Arzrouni Armand,أرمان الإبن,,Visual art,,,
166,Ash Moniz,آش مونيز,,Visual art,,,
167,Ashkan Sepahvand,آشكان سيباهفاند,,Visual art,,,
168,Ashraf Kamel,أشرف كامل,,Visual art,,,
169,Asma Ghanem,أسما غانم,,Visual art,,,
170,Asmaa Azouz,أسماء عزوز,,Music,,,
171,Asmaa Barakat,أسماء بركات,,Visual Art,,,
172,Asmaa Elkolaly,أسماء القللي,,Visual art ,,,
173,Asunción Molinos Gordo,أسونسيون مولينوس غوردو,,Visual art ,,,
174,Atfal Ahdath,أطفال أحداث,,Visual art ,,,
175,Aurèle Ferrier,أوريل فيرييه,,Film ,,,
176,Aurélie Berland,أورلي برلاند,,"Dance, Performance",,,
177,Aurélien Froment,أوريليان فورمونت,,"Visual Art, Film ",,,
178,Awel Haouati,أوال حواطي,,Visual Art ,,,
179,Aya Abdelrahman,آية عبدالرحمن,,Visual Art ,,,
180,Aya El Fallah,آية الفلاح,,Visual Art ,,,
181,Aya El Sayed,آية السيد,,Visual Art ,,,
182,Aya El-Mofty,آية المفتي,,Visual Art ,,,
183,Aya Kobayashi,آية كوبيشي,,Dance,,,
184,Aya Metwalli,آية متولي,,Music ,,,
185,Aya Saleh,آية صالح,,Visual Art ,,,
186,Aya Tarek,آية طارق,,Visual Art ,,,
187,Aya Turk,آية ترك,,Visual Art ,,,
188,Ayette Meligy,آيات مليجي,,Visual Art ,,,
189,Ayman Al Zorkany,أيمن الزرقاني,,Visual Art ,,,
190,Ayman El Amir,أيمن الأمير,,Film ,,,
191,Ayman Nahle,أيمن نحلة,,Film ,,,
192,Ayreen Anastas,ايرين انستاس,,,,,
193,Azza Eissa,عزة عيسى,,Visual Art,,,
194,Azza Ezzat,عزة عزت,,Visual Art,,,
195,Babak Afrassiabi,باباك أفراسيابي,,Visual Art,,,
196,Bahaa El Ansary,بهاء الأنصاري,,Music,,,
197,Bahaa Talis,بهاء تليس,,Visual Art,,,
198,Bahaa Tolba,بهاء طلبة,,,,,
199,Bakr Mohamed Ali,بكر محمد علي,,Dance,,,
200,Barbara Chiloiro,باربارا كيلويرو,,"Dance, Performance, Visual art",,,
201,Baris Dogrusoz,باريز دوغروشوز,,Visual art,,,
202,Basel Abbas,باسل عباس,,"Visual Art, Film",,,
203,Basem Samir,باسم سمير,,"Visual art, Architecture",,,
204,Bashar Farran,بشار فران,,Music,,,
205,Basheer El Sbai,بشير السباعي,,Academia,,,
206,Basim Magdy,باسم مجدي,,Visual art,,,
207,Basma Alsharif,بسمة الشريف,,"Visual art, Film",,,
208,Bassam Mortada,بسام مرتضى,,"Film, Journalism",,,
209,Bassem Wadie,باسم وديع,,Music ,,,
210,Bassem Yousri,باسم يسري,,"Visual Art, Film ",,,
211,Beatrice Abdelnour,بياتريس عبد النور,,Visual art,,,
212,Beatrice Dunoyer,بياتريس دونوايي,,Arts management,,,
213,Beckie Darlington,بيكي دارلنجتون,,Film ,,,
214,Belal Mohamed,بلال محمد,,Music,,,
215,Belle Santos,بل سانتوس,,Theater,,,
216,Ben Russell,بن راسل,,Visual art,,,
217,Ben Wittner,بن ويتنر,,Design ,,,
218,Bence Sarkadi,بنس ساركادي,,Theater,,,
219,Benjamin Tavakol,بنيامين تافاكول,,Visual Art,,,
220,Benjamin Yavuzsoy,بينيامين ياﭬوتسوى,,Visual art,,,
221,Beom Kim,بوم كيم,,Visual Art ,,,
222,Berit Schuck,بيريت شوك,,"Visual art, Curator",,,
223,Bernd Lützeler,بيرند لوتسيلير,,Film ,,,
224,Beth Stryker,بث ستريكر,,"Architecture/Urban planning, Curator",,,
225,Bhopal,بوﭘال,,Visual art,,,
226,Billy Sims,بيلي سيمز,,Visual art,,,
227,Bishoy Nabil,بيشوي نبيل,,Visual art,,,
228,Black Theama,بلاك تيما,,Music,,,
229,Blaise Merlin,بليز ميرلين,,"Visual art, Performance",,,
230,Boraie,برعي,,Dance,,,
231,Boris Brejcha,بوريس بريتشا,,Music ,,,
232,Boris Kozlov,بوريس كوزلوﭪ,,Music ,,,
233,Boris Oue,بوريس أوي,,Visual art,,,
234,Bouda Abu El Yazeed,بودا أبو اليزيد,,Music,,,
235,Brad Butler,براد بتلر,,Visual art,,,
236,Bryony Dunne,بريوني دون,,Visual art,,,
237,Byron Kim,بايرون كيم,,Visua art ,,,
238,Cairo Guitar Collective,كايرو جيتار كوليكتيف,,Music,,,
239,Camila Salame,كميلا سلامة,,Visual Art,,,
240,Cao Fei,كاو في,,"Visual Art, Film",,,
241,Carey Young,كاري يونغ,,Visual Art,,,
242,Carole Rieussec,كارول ريوسيك,,"Music, Theater",,,
243,Catarina Aimée Dahms,كاترينا إميي دامز,,"Music, Visual art",,,
244,Cathy Costain,كاثي كوستين,,Arts management,,,
245,Cecil Thuillier,سيسيل تويلي,,Visual art,,,
246,Cecilia Vicuña,سيسيليا بيثونيا ,,"Visual Art, Film",,,
247,Cédric Jouarie,سيدريك جواري,,Film,,,
248,Cellar Door,سيلردور,,Music,,,
249,Cesar Mora,سيزار مورا,,Music,,,
250,Charbel-Joseph H. Boutros,شربل جوزيف ه. بطرس,,Visual Art,,,
251,Charlie Alstrom,شارلي الستروم,,Theater,,,
252,Charlotte Moth,شارلوت موث,,Visual Art,,,
253,Chelsea Green,تشيلسي جرين,,Music,,,
254,Cherif El Masri,شريف المصري,,Music,,,
255,Children’s Choir of DEO Kairo School,كورال أطفال المدرسة الألمانية الإنجيلية بالقاهرة ,,Music,,,
256,Chris Weinheimer,كريس وينهيمر,,Music,,,
257,Christian Brinklow,كريستن برنكلو,,Dance,,,
258,Christian Ubl,كريستيان أوبل,,Dance,,,
259,Christian Zanotto,كريستيان زانوتو,,Film ,,,
260,Christina Végh,كريستينا فغ,,Visual Art,,,
261,Christine Kettaneh,كريستين كتاني,,Visual Art,,,
262,Christine Tohme,كريستين طعمه,,"Arts management, Curator",,,
263,Christodoulos Panayiotou,كريستودولوس بانيوتو,,Visual Art,,,
264,Christoph Keller,كريستوف كيلر,,"Theater, Film",,,
265,Christophe Cardoen,كريستوف كردون,,Theater,,,
266,Chung Chang-Sup,شونج شانج-ساب,,Visual Art ,,,
267,Cindy Kinadjian,سيندى كينادﭽيان,,Film ,,,
268,Cinthia Marcelle,سينثيا مارسيل,,Visual Art ,,,
269,Ciprian Muresan,سيبريان موريزان,,Visual Art ,,,
270,Claire Brodelle,كلير بروديل,,Film ,,,
271,Clare Chong,كلير شونج,,Visual Art ,,,
272,Clare Davies,كلير دافيس,,"Visual art, Curator",,,
273,Clarisse Valeix,كلاريس ﭬاليه,,"Visual art, Film ",,,
274,Claudia Larcher,كلوديا لارشر,,Film ,,,
275,Constanze Ruhm,كونستانزى روم,,Film ,,,
276,Constanze Wicke,كونستانتسِه ڤيكِه,,Curator,,,
277,Croí Glan,كروي غلان,,Dance,,,
278,Cynthia Zaven,سينتيا زافين,,Visual art,,,
279,Daan Dijkstra,دان ديجيكسترا,,Visual art,,,
280,Dahlia Salem,داليا سالم,,Visual art,,,
281,Dalia El Abd,داليا العبد,,Dance,,,
282,Dalia El Guindy,داليا الجندي,,Film ,,,
283,Dalia El Rashidi,داليا الرشيدي,,Visual Art,,,
284,Dalia Galal,داليا جلال,,Visual art,,,
285,Dalia Kholeif,داليا خليف,,Theater,,,
286,Dalia Naous,داليا نعوس,,Dance,,,
287,Dalila Belaza,دليلة بلازة,,Dance,,,
288,Daline Jabbour,دالين جبور,,Music,,,
289,Damián Ortega,داميان أورتيغا,,Visual Art ,,,
290,Dana Levy,دانا ليفي,,Film ,,,
291,Danh Vo,دان فو,,Visual Art,,,
292,Dania Hany,دانيا هاني,,Visual Art,,,
293,Daniel Jacoby,دانييل ياكوبيى,,Visual art,,,
294,Daniel Jeanneteau,دانيل جينتو,,,,,
295,Daniel Rode, دانيال روده,,Visual art,,,
296,Daniel Wetzel,دانيل وتزل,,Performance ,,,
297,Daniela Delgado Viteri,دانييلا ديلجادو ﭬيتيرى,,Visual art,,,
298,Daniele Genadry,دانيال جنادري,,Visual art,,,
299,Danya Hammoud,دانية حمود,,Dance ,,,
300,David Chiesa,دافيد شيسا,,Music ,,,
301,David Degner,ديفيد دجنر,,Visual art,,,
302,David Habchy,دافيد حبشي,,"Visual art, Theater, Design, Performance",,,
303,David Krippendorff,ديفيد كريبندورف,,Visual Art ,,,
304,David Maher,دافيد ماهر,,Visual Art ,,,
305,David Ortiz Juan,ديفيد أورتيث خوان,,Visual art,,,
306,David Puig,ديفيد بويغ,,Literature,,,
307,Dawsha,دوشة,,Music,,,
308,Deborah Poynton,ديبورا بوينتو,,Visual Art ,,,
309,Deena Abdelwahed,دينا عبد الواحد,,Music ,,,
310,DeLaVallet Bidiefono,دو لا فالي بيديفونو,,Dance,,,
311,Demian Bright,داميان برايت,,Theater,,,
312,Den Sorte Skole,دن سورته سكوله,,Music,,,
313,Denis O'hare,دنيس أوهاري,,Theater,,,
314,Deniz Gul,دينيز غل,,Visual Art ,,,
315,Di HU,دى هوْ,,Visual art,,,
316,Dia Hamed,ضياء حامد,,"Visual art, Arts management",,,
317,Diana Al-Hadid,ديانا الحديد,,Visual Art,,,
318,Diana Hakobyan,ديانا هاكوبيان,,Visual art,,,
319,Diane Bonnot,دايان بونو,,Performance,,,
320,Diann Bauer,دايان باور,,Visual Art,,,
321,Diesel,ديزل,,Music,,,
322,Digit,ديجيت,,Music,,,
323,Dima Hamadeh,ديما حماده,,"Visual art, Curator, Journalism",,,
324,Dina El Wedidi,دينا الوديدي,,Music,,,
325,Dina Gamal,دينا جمال,,Dance,,,
326,Dina Jereidini,دينا جريديني,,"Visual art, Arts management",,,
327,Dina Kafafi,دينا كفافي,,Visual Art ,,,
328,Dineo Seshee Bopape,دينيو سيشي بوباب,,Visual Art ,,,
329,DJ Shaawaza,DJ شعوذة,,Music,,,
330,DJ Why Be,واي بي,,Music,,,
331,Doa Abd Elwahed,دعاء عبد الواحد,,Visual art,,,
332,Doa Aly,دعاء علي,,Visual art,,,
333,Doaa Gamil,دعاء جميل,,Visual art,,,
334,Donghee Koo ,كوو دونغي,,Visual art,,,
335,Donia Maher,دنيا ماهر,,Visual art,,,
336,Doris Krystof,دوريس كريستوف,,Curator,,,
337,Douwe Dijkstra,داوّيه ديكسترا,,Film ,,,
338,Draga Jovanovic,دراجا يوﭬانوﭬيتش,,Visual Art ,,,
339,Dubosmium,دوبوسميوم,,Music ,,,
340,Dwarfs of East Agouza,أقزام شرق العجوزة,,Music ,,,
341,Ebrahim Elmoly,إبراهيم المولي,,Visual Art ,,,
342,Eckhard Thiemann,إيكهارد ثيمان,,Curator,,,
343,Edit Molnár,إديت مولنار,,"Visual art, Curator",,,
344,Eduardo Navarro,إدواردو نافارو,,Visual Art,,,
345,Ehab Behairy,إيهاب بحيري,,Visual art,,,
346,El Dakhlawya,الدخلاوية,,Music,,,
347,El Kousha Puppets,فرقة الكوشة للعرائس,,Performance,,,
348,El Madfaageya,المدفعجية,,Music,,,
349,El Rass,الراس,,Music,,,
350,el Seed,ال سيد,,Visual Art ,,,
351,El Warsha,فرقة الورشة,,Theater,,,
352,Eleanor Antin,إلينور أنتن,,Performance ,,,
353,Elena Knox,ايلينا نوكس,,"Visual Art, Performance ",,,
354,Elham Khattab,إلهام خطاب,,Curator,,,
355,Élise Caron,إليز كارون,,Music,,,
356,Élise Dabrowski,إليز دابروفسكي,,Music,,,
357,Elite Kedan,إيليت كيدان,,"Visual art, Architecture and urban planning",,,
358,Elizabeth Price,إليزابيث برايس,,Visual Art ,,,
359,Elsadig Mohamed Ahmed,الصادق محمد أحمد,,Visual Art ,,,
360,Em'kal Eyongakpa,إمكال إيونغاكبا,,Visual Art ,,,
361,Emad Maher,عماد ماهر,,"Visual art, Film",,,
362,Eman Abdou,إيمان عبده,,Visual art,,,
363,Eman Hamdy,إيمان حمدي,,Visual Art ,,,
364,Eman Osama,إيمان أسامة,,Visual Art ,,,
365,Eman Salah,إيمان صلاح,,Visual Art ,,,
366,Eman Younis,إيمان يونس,,Visual art,,,
367,Eman Zahran,إيمان زهران,,Visual Art ,,,
368,Emel Mathlouthi,آمال المثلوثي,,Music ,,,
369,Emilien Awada,إيميليان إفادة,,Film ,,,
370,Emilio Yebra,إميليو يربا,,Film ,,,
371,Emin Mete Erdoğan,إيمين ميتي أردوغان,,Visual Art ,,,
372,Engy Aly,انجي علي,,Design,,,
373,Engy Mohsen,انجي محسن,,"Visual art, Architecture and urban planning",,,
374,Ensemble Mayal,فرقة ميال,,Music,,,
375,eps51 Design Studio,ستوديو تصميم إي بي أس ٥١,,Design,,,
376,Eric Baudelaire,إريك بودلير,,"Visual art, Film",,,
377,Eric Weeks,إيريك وييكس,,Visual art,,,
378,Eslam Al-Araby,إسلام العربي,,Dance,,,
379,Eslam Mohamed,إسلام محمد,,Visual art,,,
380,Esme Valk,إيسمي فالك,,Visual art,,,
381,Esraa Elfeky,إسراء الفقي,,Visual art,,,
382,Esraa Zidan,إسراء زيدان,,Visual art,,,
383,Etel Adnan,إيتيل عدنان,,Visual art,,,
384,Eugenia Morpurgo,يوجينيا موربورغو,,Visual art,,,
385,Eungie Joo,أنجي جو,,Curator,,,
386,Évelyne Chenelière,إيفلين دي لا شانيليير,,Theater,,,
387,Ezekiel Baroukh,باروخ,,Visual art,,,
388,Ezzat Ismail Ezzat,عزت اسماعيل عزت,,Dance,,,
389,Fadwa Ramadan,فدوى رمضان,,"Visual art, Journalism",,,
390,Fady Galal,فادي جلال,,Visual art,,,
391,Fahrelnissa Zeid,فخر النساء زيد,,Visual art,,,
392,Faiyaz Jafri,فياز جعفري,,"Visual art, Film",,,
393,Fajr Soliman,فجر سليمان,,Visual art,,,
394,Fanny de Chaillé,فاني دو تشايلي,,Theater,,,
395,Farah Badrawy,فرح بدراوي,,Visual art,,,
396,Farah Hammad,فرح حماد,,Visual art,,,
397,Farah Hegazy,فرح حجازي,,Visual art,,,
398,Farah Heiba,فرح هيبة,,Arts management,,,
399,Fares El-Siagy,فارس السياجي,,Visual art,,,
400,Farida El Gazzar,فريدة الجزار,,Visual art,,,
401,Farida Makar,فريدة مقار,,Academia,,,
402,Faten El Disouky,فاتن الدسوقي,,Visual art,,,
403,Fathallah Zamroud,فتح الله زمرود,,Visual art,,,
404,Fathi Zamroud,فتحي زمرود,,Visual art,,,
405,Fatima al Youssef,فاطمة اليوسف,,Visual art,,,
406,Fatma Belkis Isik,فاطمة بلقيس,,Visual art,,,
407,Fatma Elzahraa,فاطمة الزهراء,,Arts management,,,
408,Fatma Raafat,فاطمة رأفت,,Arts management,,,
409,Fatma Wagdi,فاطمة وجدي,,Visual Art,,,
410,Faustin Linyekula,فوستين نيكولا,,"Performance, Dance",,,
411,Faze Miyake,فاز مياكي,,Music,,,
412,Fehras Publishing Practices,دار فهرس للنشر,,Visual art,,,
413,Felice Grodin,فيليس غرودين,,"Visual Art, Architecture",,,
414,Figo,فيجو,,Music,,,
415,Filipe Afonso,فيليپو أفونسو,,Visual Art,,,
416,Finrod,فينرود,,Music,,,
417,Flatform,فلاتفورم,,Visual art,,,
418,Florence Mohy,فلورنس محي,,Visual art,,,
419,Fouad Elkoury,فؤاد الخوري,,Visual Art,,,
420,Fouad Nafili,فؤاد نفيلي,,"Dance, Performance",,,
421,Francesco Vezzoli,فرانشيسكو فيزولي,,"Visual art, Film",,,
422,Francis Alÿs,فرانسيس أليس,,Visual Art,,,
423,Francis McKee,فرانسيس مكي,,"Curator, Writer",,,
424,Frank Harris,فرانك هاريس,,Visual Art,,,
425,Fred Penelle,فريد ﭘونيل,,Visual art,,,
426,Frédéric Moser,فردريك موزير,,Visual Art ,,,
427,Frédéric Penelle,فريد بينيل,,Visual Art ,,,
428,Future Farmers,فيوتشر فارمرز,,Visual art,,,
429,Gailan Haji Omar,گیلان حاجي عمر,, Visual art,,,
430,Galila Nawar,جليلة نوار,,Visual art,,,
431,Gamal Hassanein,جمال حسنين,,Handicraft,,,
432,Gamal Mossaad,جمال مسعد,,Music,,,
433,Ganzeer,جنزير,,"Visual art, Design",,,
434,Gary Simmons,جاري سيمنز,,Visual art,,,
435,Gehad Anwar,جهاد أنور,,Visual art,,,
436,George Awde, جورج عودة,,Visual art,,,
437,George Drivas,جورج دريفاس,,Visual art,,,
438,Ghadir Wagdy,غدير وجدي,,Visual art,,,
439,Ghassan Salhab,غسان سلهب,,"Visual art, Film",,,
440,Ghazi Frini (Ghazih),غازي فريني,,"Visual art, Music",,,
441,Gheith Al Amine,غيث الأمين,,"Visual art, Music, Journalism",,,
442,Ghita Skali,غيثة صقلي,,"Visual art, Curator",,,
443,Gian-Reto Gredig,جيان ريتو غريدغ,,Visual art,,,
444,Gianni Blumer,جياني بلومر,,Theater,,,
445,Gilan Hefny,جيلان حفنى,,Visual art,,,
446,Goldierocks,جولدي روكس,,Music,,,
447,Goran Galić,غوران غاليتش,,Visual art,,,
448,Goran Škofić,جوران شكوفيتش,,Visual art,,,
449,Gozde Ilkin,غوزده إلكن,,Visual Art ,,,
450,Grit Schuster,جريت شستر,,"Visual art, Design",,,
451,Habiba Allam,حبيبة علام,,Visual art,,,
452,Hadeel Adel,هديل عادل,,Visual art,,,
453,Hadeer Mohamed,هدير محمد,,Visual art,,,
454,Hadeer Omar,هدير عمر,,Visual art,,,
455,Hadeer Samir,هدير سمير,,Visual art,,,
456,Hadir Hamam,هدير همام,,Visual art,,,
457,Hady Aboukamar,هادي أبو قمر,,Visual art,,,
458,Hady Adel,هادي عادل,,Dance,,,
459,Hadya Mahmoud,هادية محمود,,Visual art,,,
460,Haegue Yang,هايج يونج,,Visual art,,,
461,Hagar Ezzeldin,هاجر عزالدين,,Visual art,,,
462,Haig Aivazian,هيج إيفازيان,,"Visual art, Curator",,,
463,Hakim Mao,حكيم ماو,,Film,,,
464,Hala Abu Shady,هالة أبو شادي,,Visual art,,,
465,Hala Elkoussy,هالة القوصي,,"Visual Art, Film",,,
466,Hala Hisham,هالة هشام,,Visual art,,,
467,Hamdy Reda,حمدي رضا,,"Visual art, Curator",,,
468,Hamed Nada,حامد ندا,,Visual art,,,
469,Hana El Beblawy,هنا الببلاوي,,Visual art,,,
470,Hana Miletić,هانا ميليتش,,"Visual art, Performance",,,
471,Hanaa Safwat,هناء صفوت,,"Visual art, Journalism",,,
472,Hanan El Sheikh,حنان الشيخ,,Visual art,,,
473,Hani Sami,هانى سامى,,"Theater, Film",,,
474,Hanna Sabet,هنا ثابت,,Visual art,,,
475,Hans-Peter Feldman,هانس بيتر فلدمان,,Visual art,,,
476,Hany Rashed,هاني راشد,,Visual Art,,,
477,Haoge Liu,هاتسي لي,,Visual art,,,
478,Harun Farocki,هارون فاروقي,,Film,,,
479,Hashem L Kelesh,هاشم الكلش,,"Visual art, Music",,,
480,Hassan El Geretly,حسن الجريتلي,,Theater,,,
481,Hassan Elhalwagy,حسن الحلوجي,,"Visual art, Literature",,,
482,Hassan Hosny,حسن حسني,,"Music, Performance",,,
483,Hassan Khan,حسن خان,,"Visual art, Music",,,
484,Hassan Sharif,حسن شريف,,Visual art,,,
485,Hatem El Chiaty,حاتم الشيتي,,Music,,,
486,Hatem Imam,حاتم إمام,,Visual art,,,
487,Hatem Karoui,حاتم قروي,,Music,,,
488,Hatem Mousa,حاتم موسى,,Visual art,,,
489,Hawas,هوس,,Music,,,
490,Hayej,هايج,,Music,,,
491,Haytham El-Wardany,هيثم الورداني,,Literature,,,
492,Haytham Nawar,,,"Visual art, Curator, Design",,,
493,Haytham Sherif,هيثم شريف,,"Visual art, Film",,,
494,Hazem Header,حازم حيدر,,"Visual art, Dance",,,
495,Heba El Aziz,هبة العزيز,,Visual art,,,
496,Heba Farid,هبة فريد,,"Visual art, Curator",,,
497,Heba Ghaleb,هبة غالب,,Visual art,,,
498,Heba Shalaby,هبة شلبي,,,,,
499,Hebatallah Aly Fahmy,هبة الله علي فهمي,,Visual art,,,
500,Heini Stucki,هايني شتوكي,,Visual art,,,
501,Helena Febrés Fraylich,هيلينا فبرس فريلش,,"Performance, Visual art",,,
502,Helene Kazan,هيلين كازان,,"Performance, Visual art, Film",,,
503,Hend Elkolaly,هند القللي,,Visual art,,,
504,Hend Moaaz,هند معاذ,,Visual art,,,
505,Hend Samir,هند سمير,,Visual art,,,
506,Henri Jules Julien,هنري جولز جوليان,,"Theater, Dance",,,
507,Henrik Olesen,هنريك أولسن,,Visual art,,,
508,Herve Pourcines,هرفي بورسينز,,"Visual art, consultant",,,
509,Hicham Benohoud,هشام بن أحد,,Visual art,,,
510,Hideaki Shibata,هيديكي شيباتا,,Visual art,,,
511,Hind Mezaina,هند مزينة,,Visual art,,,
512,Hisham Anas,هشام أنس,,Music,,,
513,Ho Tzu-Nyen,هوو تزو نيين,,"Visual art, Film",,,
514,Hoda Ragaa,هدى رجاء,,"Visual art, Handicraft",,,
515,Holly Hendry,هولي هندري,,Visual art,,,
516,Hoor Al Qasimi,حور القاسمي,,Curator,,,
517,Hosam El Sawah,حسام السواح,,Visual art,,,
518,Hossam Hodhod,حسام هدهد,,"Visual art, Design",,,
519,Houda Ghorbel,هدى غربال,,Visual art,,,
520,Huda Abu El Naga,هدى أبو النجا,,Dance,,,
521,Huda Lutfi,هدى لطفي,,Visual art ,,,
522,Hussam Manasrah,حسام مناصرة,,Visual art,,,
523,Hussein Abdullah,حسين عبد الله,,"Visual art, Design",,,
524,Hussein Baydoun,حسين بيضون,,"Theater, Film",,,
525,Hussein El Sherbini,حسين الشربيني,,Music,,,
526,Hussein Nakhal,حسين نخال,,"Visual art, Performance, Design",,,
527,Iacopo Fulgi,إياكوبو فولجي,,Theater,,,
528,Ian Betteridge,إيان بيتريدج,,,,,
529,Ibrahim Abdel Hameed,ابراهيم عبد الحميد,,Dance,,,
530,Ibrahim El Haddad,إبراهيم الحداد,,Visual art,,,
531,Ibrahim Massouda,إبراهيم مسعودة,,"Visual art, painting",,,
532,Ibrahim Reda,إبراهيم رضا,,Visual art,,,
533,Ibrahim Saad,إبراهيم سعد,,Visual art,,,
534,Igor Stravinsky,إيغور سترافينسكي,,Music,,,
535,Im Heung-soon,إيم هيونغ- سون,,"Film, Visual art",,,
536,Iman Issa,إيمان عيسى,,Visual art,,,
537,Iman Youssef,إيمان يوسف,,Visual art,,,
538,Imane Ibrahim,إيمان إبراهيم,,Visual art,,,
539,Inaya Hodeib,عناية هضيب,,Visual art,,,
540,Inci Eviner,إنجي إيفينير,,Visual art,,,
541,Ines Alexandra El Sayed Al Laban,ايناس اليكساندرا السيد اللبان,,Visual art,,,
542,Ingy Helmy,إنجي حلمي,,Visual art,,,
543,Injy Morad,إنجي مراد,,Dance,,,
544,Irena Ristic,إيرينا ريستيتش,,Visual art,,,
545,Irene Bartolome,أيرين برتلومي,,Film,,,
546,Isabella Bommarito,أيزابيلا بوماريتو,,Arts management,,,
547,Isabelle Fauvel,إيزابيل‭ ‬ڤوڤال,,Film,,,
548,Islam Chipsy,إسلام شيبسي,,Music,,,
549,Islam Elnebishy,إسلام النبيشي,,Dance,,,
550,Islam Kamal,إسلام كمال,,"Visual art, Film",,,
551,Islam Shabana,إسلام شبانة,,Visual art,,,
552,Islam Zaher,إسلام زاهر,,Visual art,,,
553,Ismael,إسماعيل,,Music,,,
554,Ismaïl Bahri,إسماعيل بحري,,Visual art,,,
555,Ismail Hosny,إسماعيل حسني,,Music,,,
556,İz Öztat,إيز أُوزتات,,Visual art,,,
557,J-Kristoff Camps,ج. كريستوف كامبس,,"Music, Theater",,,
558,Jac Leirner,جاك ليرنر,,Visual art,,,
559,Jacqueline George,جاكلين جورج,,Music,,,
560,Jacques Siron,جاك سيرون,,"Music, Film",,,
561,Jaime Ekkens,جيمي إيكنز,,"Visual Art, Film",,,
562,Jake Wiener,جاك وينر,,Film,,,
563,Jalal Toufic,جلال توفيق,,Visual art,,,
564,James Webb,جيمز ويب,,Sound art,,,
565,James Wright,جيمز رايت,,Visual art,,,
566,Jane Jin Kaisen,جاين جن كايسن,,Visual art,,,
567,Jaouad Essounani,جواد السنوسي,,Theatre,,,
568,Jasmina Metwaly,ياسمينه متولي,,"Visual art, Film",,,
569,Jasper Džuki Jelen,جاسبر دزوكي جيلين,,Dance,,,
570,Jawshing Arthur Liou,جاشويج آرثر ليو,,Visual art,,,
571,Jean Michel Jarre,جون ميشيل جار,,Music,,,
572,Jean-François Besnard,جون فرانسوا بسنارد,,Theatre,,,
573,Jeffrey Gormly,جيفري جومرلي,,"Dance, Performance",,,
574,Jenifer Evans,جينفر إيفانز,,Visual art,,,
575,Jennifer Bornstein,جنيفر بورنستين,,Visual art,,,
576,Jens Liebchen,ينس ليبشين,,Visual art,,,
577,Jens Maier-Rothe,جون ماير روث,,Curator,,,
578,Jeroen Kooijmans,جيروين كويجمانز ,,"Visual art, Film",,,
579,Jeroen Van Loon,جيروين فان لون,,Visual art,,,
580,Jérôme Bel,جيروم بيل,,Dance,,,
581,Jérôme Boivin,جيروم بويفين,,Music,,,
582,Jess Curtis,جس كرتس,,"Dance, Performance",,,
583,Jiří Kovanda,يري كوفاندا,,Visual art,,,
584,Joan Baz,جوان باز,,"Visual art, Design, Performance",,,
585,Joana Hadjithomas,جوانا حاجي توما,,"Visual art, Film",,,
586,Joe Namy,جو نعمه,,"Visual art, Music",,,
587,Johanna Lecklin,يوهانا ليكلين,,Visual art,,,
588,Johanna Szlauderbach,جوهانا سزلاودرباخ,,Curator,,,
589,Johannes Gierlinger,يوهانِس جيرلينجر,,Visual art,,,
590,John Menick,جون منيك,,"Visual art, Film",,,
591,Jon Rafman,جون رافمن,,Visual art,,,
592,Jonathas de Andrade,جوناتاس دي أندرايد,,Visual art,,,
593,Joop Oonk,يوب أونك,,Dance,,,
594,Jörg Müller,يورج مولر,,Performance,,,
595,Jori Collignon,يوري كوليجنون,,Music,,,
596,Jorinde Voigt,جوريندة فويت,,Visual art,,,
597,José Antonio Ayala Galindo,خوسيه أنطونيو أيالا جاليندو,,Visual art,,,
598,Joseph Pearson,جوزيف بيرسون,,Visual art,,,
599,Joshua Reiman,ﭽوشوا ريمِنْ,,Visual art,,,
600,Juan Cristóbal Saavedra Vial,خوان كريستوبال سافدرا فيال,,Sound,,,
601,Judith Goudsmit,جوديث خاودسميت,,Visual art,,,
602,Julia Häusermann,جوليا هاوزرمان,,Theater,,,
603,Julian Faulhaber,يوليان فاولهابر,,Visual art,,,
604,Juliane Männel,جوليان مانيل,,Theater,,,
605,Julie Mehretu,جولي ميرتو,,Visual art,,,
606,Julien Crepieux,جوليان كريبيو,,Visual art,,,
607,Jumana Al-Yasiri,جمانة الياسري,,"Performance, Curator",,,
608,Jumana Manna,جمانة مناع,,Visual art,,,
609,Kaboos Nation,كابوس,,Music,,,
610,Kader Attia,قادر عطية,,Visual art,,,
611,Kalb Balady,كلب بلدي,,Visual art,,,
612,Kamal Youssef,كمال يوسف,,Visual art,,,
613,Kambiz Sabri,قمبيز صبري,,Visual art,,,
614,Kamila Bassioni,كاملة بسيوني,,Visual art,,,
615,Kanny Abdallah,كاني عبد الله,,Dance,,,
616,Karam Ahmed Ali,كرم أحمد علي,,Visual art,,,
617,Kareem Abd El Fattah,كريم عبد الفتاح,,Dance,,,
618,Kareem Hadad,كريم حداد,,Visual art,,,
619,Kareem Hossam,كريم حسام,,Music,,,
620,Kareem Lotfy,كريم لطفي,,"Visual art, Music",,,
621,Kareem Osman,كريم عثمان,,Visual art,,,
622,Kareem Shreef,كريم شريف,,Dance,,,
623,Karim Aboukelila,كريم أبو كليلة,,Visual art,,,
624,Karim Advonta,كريم أدفونتا,,Dance,,,
625,Karim Al Husseini,كريم الحسيني,,"Visual art, performance",,,
626,Karim El Ghazoly,كريم الغازولي,,Music,,,
627,Karim El Hayawan,كريم الحيوان,,"Visual art, Architecture",,,
628,Karim Nady,كريم نادى,,Dance,,,
629,Karima Mansour,كريمة منصور,,Dance,,,
630,Karine Wehbé,كارين وهبة,,Visual art,,,
631,Katerina Mistal,كاترينا ميستال,,Visual art,,,
632,Katja Hagedorn,كاتجا هاجيدورن,,Theater,,,
633,Katrin Mayer,كاترين ماير,,Visual art,,,
634,Katrine Dirckinck-Holmfeld,كاترين ديركينك هولمفلد,,Visual art,,,
635,Kaya Behkalam,كايا بهكالام,,Visual art,,,
636,Kayfa-ta,كيف-ت,,Literature,,,
637,Kazoosh!,كازوش,,Visual art,,,
638,Keith Lane,كيث لاين,,"Visual art, journalism",,,
639,Keller Easterling,كيلر إيسترلينج,,Architecture/Urban Planning,,,
640,Kenneth Balfelt,كينيث بالفلت,,Visual art,,,
641,Kentaro Taki,كينتارو تاكي,,,,,
642,Khadija Usef,خديجة يوسف,,"Visual art, Design",,,
643,Khaled Akl,خالد عقل,,Visual art,,,
644,Khaled Fahmy,خالد فهمي,,Academia,,,
645,Khaled Galal Eldeen,خالد جلال الدين,,Visual art,,,
646,Khaled Goweily,خالد جويلي,,Visual art,,,
647,Khaled Hafez,خالد حافظ,,Visual art,,,
648,Khaled Kaddal,خالد قدال,,"Music, visual art",,,
649,Khaled Yassine,خالد ياسين,,Music,,,
650,Khalil Joreige,خليل جريج,,Film,,,
651,Khalil Rabah,خليل رباح,,Visual art,,,
652,Khansa Batma,الخنساء بطمة,,Music,,,
653,Khyam Allami,خيام اللامي,,Music,,,
654,Kinda Hassan,كنده حسن,,Visual art,,,
655,Kirollos Yousef,كيرولوس يوسف,,Music,,,
656,Klaus Walter,كلاوس فالتر,,Visual art,,,
657,Knaka,كنكه,,Music,,,
658,Kode 9,كود ٩,,Music,,,
659,Kolja Kunt,كوليا كونت,,Visual art,,,
660,Konrad Smoleński,كونراد سمولينسكي,,Visual art,,,
661,Kristina Benjocki,كريستينا بنجوسكي,,Visual art,,,
662,Kristine Khouri,كريستين خوري,,"Journalism, Curator",,,
663,Kristoff K Roll,كريستوف ك. رول,,"Music, Theater",,,
664,Kyohei Sakaguchi,كيوهي ساكاجوشي,,"Architecture/Urban Planning, Visual art",,,
665,LaFundició,لافونديشيو,,"Visual art, music",,,
666,Laila Samy,ليلى سامي,,"Film, Literature, Theater",,,
667,Lala Rukh,لالا روخ,,Visual art,,,
668,Lamia Abi Azar,لمياء أبي أزعر,,Theater,,,
669,Lamia Joreige,لمياء جريج,,Visual art,,,
670,Lamia Yared,لمياء يارد,,Music,,,
671,Lara Baladi,لارا بلدي,,Visual art,,,
672,Lara Khaldi,لارا خالدي,,Curator,,,
673,Lara Tabet,لارا تابت,,Visual art,,,
674,Larissa Sansour,لاريسا صنصور,,"Visual art, Film",,,
675,Laura Kandile,لورا قنديل,,Visual art,,,
676,Laure-Anne Seger,لوران سيجار,,Dance,,,
677,Laurence Gartel,لورانس جرتل,,Visual art,,,
678,Laurent Montaron,لوران مونتارون,,Visual art,,,
679,Lawrence Abu Hamdan,لورنس أبو حمدان,,Sound art,,,
680,Layla Omar El Farouk,ليلى عمر,,Visual art,,,
681,Leah Gordon,لي غوردون,,Visual art,,,
682,Lee Kit,لي كيت,,Visual art,,,
683,Leila Eleshe,ليلى عليش,,Visual art,,,
684,Leonor Antunes,ليونور أنتيونز,,Visual art,,,
685,LIGNA,ليجنا,,Performance,,,
686,Lina Attalah,لينا عطا لله,,"Visual art, Journalism",,,
687,Lina Hashim,لينا هاشم,,Visual art,,,
688,Lina Nabrawy,لينا نبراوي,,Visual art,,,
689,Lina Selander,لينا سيلاندير,,Visual art,,,
690,Linda Jasmin Mayer,ليندا جاسمين ميير,,Visual art,,,
691,Lisa Peterson,ليزا بيترسون,,Theater,,,
692,Looperia Project,لوبيريا,,Music,,,
693,Lorenzo Bianchi Hoesch,لورنزو بيانشي,,"Music, Theatre",,,
694,Lot Amoros,لوت أموروس,,Visual art,,,
695,Louis Henderson,لويس هندرسون,,Visual art,,,
696,Loulwa Farhat,لولوه فرحات,,Visual art,,,
697,Lucien Arino,لوسيان أرينو,,Dance,,,
698,Luke Younger (a.k.a HELM),لوك يونجر (حلم),,"Music, Sound art",,,
699,Lynette Yiadom-Boakye,لينيت يادوم-بواخي,,Visual art,,,
700,Lynn Kodeih,لين قديح,,Visual art,,,
701,Maat Dance M.E.C.A,معت,,Dance,,,
702,Magdi Mostafa,مجدي مصطفى,,"Visual art, sound art",,,
703,Maged El Sokkary,ماجد السكري,,Visual art,,,
704,Maged Nader,ماجد نادر,,Film,,,
705,Maghraffiti,ماجارفيتي,,Visual art,,,
706,Maha Kays,مها قيس,,Visual art,,,
707,Maha Maamoun,مها مأمون,,Visual art,,,
708,Maher Raif,ماهر رائف,,Visual art,,,
709,Mahitab Hassan,مهيتاب حسن,,Visual art,,,
710,Mahmoud Dousoky,محمود الدسوقي,,Music,,,
711,Mahmoud El Attar,محمود العطار,,Visual art,,,
712,Mahmoud El Haddad,محمود الحداد,,Dance,,,
713,Mahmoud Hallwy,محمود حلوي,,Visual art,,,
714,Mahmoud Hamdi,محمود حمدي,,Visual art,,,
715,Mahmoud Hosseini,محمود حسيني,,Visual art,,,
716,Mahmoud Hossiny,محمود حسيني,,Visual art,,,
717,Mahmoud Khaled,محمود خالد,,Visual art,,,
718,Mahmoud Khateeb,محمود خطيب,,Music,,,
719,Mahmoud Lotfi,محمود لطفي,,Film,,,
720,Mahmoud Magde,محمود مجدي,,Visual art,,,
721,Mahmoud Refat,محمود رفعت,,Music,,,
722,Mahmoud Tarik,محمود طارق,,"Visual art, Sound, Music, Design",,,
723,Mahmoud Waly,محمود والي,,Music,,,
724,Mahy Mourad,ماهي مراد,,Architecture/ Urban planning,,,
725,Mai Al Shazly,مي الشاذلي,,Visual art,,,
726,Mai Eldib,مي الديب,,Visual art,,,
727,Mai Elwakil,مي الوكيل,,"Visual art, journalism",,,
728,Mai Hamdy,مى حمدى,,Visual art,,,
729,Mai Osman,مي عثمان,,Visual art,,,
730,Mai Sebai,مي السباعي,,Visual art,,,
731,Malak Elshazly,ملك الشاذلي,,Visual art,,,
732,Malak Helmy,ملك حلمي,,Visual art,,,
733,Malak Shenouda,ملك شنودة,,Visual art,,,
734,Malak Yacout,ملك ياقوت,,Visual art,,,
735,Malgrin Debotté,مالجرين ديبوتيه,,Film,,,
736,Mamoon Azmy,مأمون عزمي,,"Film, Arts Management",,,
737,Manar Abdelmaboud,منار عبد المعبود,,Visual art,,,
738,Manar Gad,منار جاد,,Visual art,,,
739,Manar Moursi,منار مرسي,,Architecture/Urban Planning ,,,
740,Mandy El Sayegh,ماندي الصايغ,,Visual art,,,
741,Manuel Pelmuş,مانويل بلموس,,Dance,,,
742,Maqamat Dance Theatre,مقامات للرقص المعاصر,,Dance,,,
743,Marc Nammour,مارك نمور,,Music,,,
744,Marcela Florido,مارسليا فلوريدو,,Visual art,,,
745,Marguerite Farag,مارجريت فرج,,Visual art,,,
746,Maria Thereza Alves,ماريا تيريزا ألفيز,,Visual art,,,
747,Mariam Elias,مريم إلياس,,"Design, Journalism, Visual art",,,
748,Mariam Farag,مريم فرج,,,,,
749,Mariam Faried,مريم فريد,,Visual art,,,
750,Mariam Fayek,مريم فايق,,Visual art,,,
751,Mariam Ghanem,مريم غانم,,Visual art,,,
752,Mariam Ghani,مريم غاني,,"Visual art, Film",,,
753,Mariam Hamdy,مريم حمدي,,Visual art,,,
754,Mariam Salem,مريم سالم,,Visual art,,,
755,Mariam Satour,مريم ساطور,,"Handicraft
",,,
756,Marián Vredík,ماريان فريديك,,Visual art,,,
757,Mariana Castillo Deball,ماريانا كاستيلو ديبال,,Visual art,,,
758,Marianne Fahmy,ماريان فهمي,,"Film, Visual art",,,
759,Marie Fages,ماري فاﭺ,,"Film, Theater",,,
760,Marihan Samy,ماريهان سامي,,Dance,,,
761,Marina Abramovic,مارينا أبراموفيتش,,Performance,,,
762,Marina Lukanina,مارينا لوكانينا,,Visual art,,,
763,Mario Garcia Torres,ماريو غارسيا توريس,,"Visual art, performance",,,
764,Marion Bornachot,ماريون بورناكوت,,"Performance, Dance",,,
765,Marjet Wessels Boer,مارخيت فيسيلز بوير,,Visual art,,,
766,Mark Bradford,مارك برادفورد,,Visual art,,,
767,Mark Lotfy,مارك لطفي,,Visual art,,,
768,Mark Ridder,مارك ريدر,,Visual art,,,
769,Mark Teh,مارك تيه,,Performance,,,
770,Mark Westmoreland,مارك وستمورلاند,,"Visual art, Film",,,
771,Marlene Denningmann,مارلين دينينجمان,,Visual art,,,
772,Marlène Rostaing,مارلين روستانج,,Dance,,,
773,Marouan Omara,مروان عمارة,,Film,,,
774,Martand Khosla,مارتند خوسلا,,Visual art,,,
775,Martijn Veldhoen,مارتن فلدهون,,Visual art,,,
776,Martin Højland,مارتن هوجلاند,,Music,,,
777,Marwa Abdel Moneim,مروة عبد المنعم,,Visual art,,,
778,Marwa Ansarios,مروة أرسانيوس,,Visual art,,,
779,Marwa Benhalim,مروة بن حليم,,Visual art,,,
780,Marwa El Shazly,مروة الشاذلي,,Visual art,,,
781,Marwa Saad,مروة سعد,,Visual art,,,
782,Marwan Elgamal,مروان الجمل,,Visual art,,,
783,Marwan Fawzi, مروان فوزي,,Music,,,
784,Marwan Fayed,مروان فايد,,"Visual art, Design, Architecture/Urban Planning",,,
785,Marwan Rechmaoui,مروان رشماوي,,Visual art,,,
786,Marwan Tahtah,مروان طحطح,,Visual art,,,
787,Maryam Ahmed,مريم أحمد,,Visual art,,,
788,Maryam Dehghanpour,مريم دي جانبور,,Visual art,,,
789,Maryam Jafri,مريم جعفري,,Visual art,,,
790,Maryam Kashani,مريم كشاني,,Film,,,
791,Maryam Saleh,مريم صالح,,Music,,,
792,Masanobu Hiraoka,ماسانوبو هيراوكا,,"Visual art, Film",,,
793,Masasuke Yasumoto,ماساسوك ياسوموتو,,Game Design,,,
794,Masayuki Kawai,ماسايوكى كاواى,,Visual art,,,
795,Masood Kamandy,مسعود كاماندي,,,,,
796,Massinissa Selmani,ماسينيسا سلماني,,Visual art,,,
797,Matteo Sisti,ماتيو سيستي,,Music,,,
798,Matthew Schoen,ماثيو شون,,Visual art,,,
799,Matthias Brücker,ماتياس بروكر,,Theater,,,
800,Matthias Grandjean,ماتياس جراندجين,,Theater,,,
801,Matti Braun,ماتي براون,,Visual art,,,
802,Maurice Louca,موريس لوقا,,Music,,,
803,Maurizio Abate,موريزيو أباتي,,Music,,,
804,Maxime Denuc,ماكسيم دينوك,,Music,,,
805,Maxime Hourani,مكسيم حوراني,,"Architecture/Urban Planning, Visual art",,,
806,May Al Ibrashy,مي الإبراشي,,Architecture/Urban Planning,,,
807,May El Hossamy,مي الحسامي,,Visual art,,,
808,May Kassem,مي قاسم,,"Film, Music",,,
809,Maya Gewily,مايا جويلي,,"Design, Theater",,,
810,Maya Shafei,مايا شافعي,,Visual art,,,
811,Mayar Kotb,ميار قطب,,Performance,,,
812,Mayar Yousry,ميار يسري,,Visual art,,,
813,Mayye Zayed,مي زايد,,Film,,,
814,Mazen El Sayed,مازن السيد,,Music,,,
815,MC Amin,أم سي أمين,,Music,,,
816,Médéric Collignon,ميدريك كوليجنون,,Music,,,
817,Medhat Benzoher,مدحت بنزهير,,Visual art,,,
818,Mehdi Haddab,مهدي حداب,,Music,,,
819,Meiro Koizumi,ميرو كويزومي,,Visual art,,,
820,Mejdi el Bekri,مجدي البكري,,"Visual art, journalism",,,
821,Melodie Lasselin,ميلودي لاسيلين,,Dance,,,
822,Melvin Moti,ملفين موتي,,Visual art,,,
823,Mena El Shazly,منة الشاذلي,,Visual art,,,
824,Menna El Azzamy,منة العزامى,,Visual art,,,
825,Menna Genedy,منة الله جنيدي,,Visual art,,,
826,Meriam Bousselmi,مريم بوسالمي,,Theater,,,
827,Meritxell Checa,ميريتكسل تشيكا,,Dance,,,
828,Merna Ashraf Imam,ميرنا أشرف إمام,,Visual art,,,
829,Merve Ünsal,ميرڤي أونسال,,Visual art,,,
830,Metahaven,ميتاهايفن,,"Visual art, Design",,,
831,METASITU,ميتاسيتو,,Architecture/Urban Planning,,,
832,Mettani,ميتاني,,Music,,,
833,Mia Forrest,ميا فوريست,,"Visual art, film",,,
834,Mia Grondahl,ميا غروندال,,Journalism,,,
835,Mia Jankowicz,ميا يانكوفيتش,,"Visual art, Journalism, Curator",,,
836,Mich Mohamed,ميش محمد,,,,,
837,Michael Elber,مايكل ايلبر,,Theater,,,
838,Michael Fragstein,مايكل فراغستين,,Visual art,,,
839,Michael Joo,مايكل جو,,Visual art,,,
840,Michael Kliën,مايكل كلاين,,"Visual art, Dance",,,
841,Mido Sadek,ميدو صادق,,Visual art,,,
842,Mihai Grecu,ميهاى جريكو,,Film,,,
843,Milan Zulic,ميلان زوليكس,,Visual art,,,
844,Mina Mir,مينا مير,,Visual art,,,
845,Mina Nasr,مينا نصر,,Visual art,,,
846,Mina Nassif,مينا ناصف,,Music,,,
847,Minus T,ماينس تي,,Music,,,
848,Miral Abdel Moneim,ميرال عبد المنعم,,Visual art,,,
849,Mireille El Magrissy,ميراي المجريسي,,Visual art,,,
850,Mirene Arsanios,ميرين أرسانيوس,,"Visual art, Literature",,,
851,Mirette Mechail,ميريت ميشيل,,Dance,,,
852,Mirko Dietrich,ميركو ديتريش,,Theater,,,
853,Misiconi Dance Company,فرقة ميسيكوني للرقص,,Dance,,,
854,Mithkal Alzghair,ميثكال الزغير,,Dance,,,
855,mixrice,ميكسرايس,,Visual art,,,
856,Mo Nabil,مو نبيل,,Visual art,,,
857,Moataz Nasr,معتز نصر,,Visual art,,,
858,Moawya Helal,معاوية هلال,,Visual art,,,
859,Mofa,موفا,,Visual art,,,
860,Mohamad-Said Baalbaki,محمد سعيد بعلبكي,,Visual art,,,
861,Mohamed Abdelkarim,محمد عبد الكريم,,Performance,,,
862,Mohamed Abdo,محمد عبده,,Music,,,
863,Mohamed Abdullah,محمد عبد الله,,Visual Art,,,
864,Mohamed Abla,محمد عبلة,,Visual Art,,,
865,Mohamed Abouelnaga,محمد أبو النجا,,Visual art,,,
866,Mohamed Adel,محمد عادل,,Music,,,
867,Mohamed Ahmed,محمد أحمد,,Music,,,
868,Mohamed Allam,محمد علام,,"Performance, Sound Art, Visual Art",,,
869,Mohamed Desouky,محمد دسوقي,,Music,,,
870,Mohamed Ehab,محمد إيهاب,,Music,,,
871,Mohamed Eika,محمد عيكا,,Dance,,,
872,Mohamed El Deep,محمد الديب,,"Performance, Theater",,,
873,Mohamed El Maghraby,محمد المغربي,,Visual art,,,
874,Mohamed El Sammad,محمد الصمد,,Music,,,
875,Mohamed Elshahed,محمد الشاهد,,Architecture/Urban Planning,,,
876,Mohamed Fahmy,محمد فهمي,,Visual art,,,
877,Mohamed Hammam,محمد همام,,Visual art,,,
878,Mohamed Hassan,محمد حسن,,Architecture/ Urban planning,,,
879,Mohamed Hatem,محمد حاتم,,"Theater, Film",,,
880,Mohamed Ikoubaan,محمد إكوبان,,Visual art,,,
881,Mohamed Ismail Shawki,محمد إسماعيل شوقي,,Visual art,,,
882,Mohamed Khaled,محمد خالد,,Visual Art,,,
883,Mohamed Mahmoud Elsayed,محمد محمود السيد,,Dance,,,
884,Mohamed Misha,محمد ميشا,,Dance,,,
885,Mohamed Monaiseer,محمد منيصير,,Visual art,,,
886,Mohamed Nour,محمد نور,,"Visual art, Music",,,
887,Mohamed Rabie,محمد ربيع,,Visual art,,,
888,Mohamed Riyad Saeed,محمد رياض سعيد,,Visual art,,,
889,Mohamed Sayed,محمد سيد,,Music,,,
890,Mohamed Shafik,محمد شفيق,,"Dance, Music",,,
891,Mohamed Shika,محمد شيكا,,Dance,,,
892,Mohamed Shoukry,محمد شكري,,Visual art,,,
893,Mohamed Talaia,محمد طليعة,,Visual art,,,
894,Mohamed Taman,محمد طمان,,Visual art,,,
895,Mohamed-Aly Farag,محمد علي فرج,,Music,,,
896,Mohammad Hossein Gholamzadeh,محمد حسين غلام زاده,,Visual art,,,
897,Mohammadreza Mayghani,محمد رضا میقانی,,Visual art,,,
898,Mohammed Abdallah,محمد عبد الله,,"Visual art, Journalism",,,
899,Mohammed El Boghdady,محمد البغدادي,,Visual art,,,
900,Mohammed Kazem,محمد كاظم,,Visual art,,,
901,Mohammed Sami,محمد سامي,,Music,,,
902,Moïra Gilliéron,مويرا جيليرون,,Theater,,,
903,Mojra Vogelnik-Škerlj,مويرا فوجلنيك,,Dance,,,
904,Momen Zaki,مؤمن زكى,,Music,,,
905,Mona Essam,منى عصام,,Visual art,,,
906,Mona Ezzat,منى عزات,,Handicraft,,,
907,Mona Gamil,منى جميل,,Dance,,,
908,Mona Lisa Brigades,كتائب موناليزا,,Visual art,,,
909,Mona Marzouk,منى مرزوق,,Visual art,,,
910,Mona Shams,منى شمس,,Visual art,,,
911,Mondow Ayoub,ماندو ايوب,,Visual art,,,
912,Monia Salah,مونيا صلاح,,Music,,,
913,Monica Michel,مونيكا ميشيل,,Architecture/Urban planning,,,
914,Monika Sosnowska,مونيكا سوسنوسكا,,Visual art,,,
915,Monira Al Qadiri,منيرة القديري,,Visual art,,,
916,Morandi,موراندي,,Theater,,,
917,Morgane Marinos,مورجَن مارينو,,Visual art,,,
918,Mostafa El Sayed,مصطفى السيد,,Music,,,
919,Mostafa Elbaroody,مصطفى البارودي,,Visual art,,,
920,Mostafa Heddaya,مصطفي هداية,,Journalism,,,
921,Motaz Attalla,معتز عطالله,,"Journalism, literature, performance",,,
922,Moukhtar Kocache,مختار كوكش,,"Visual art, Curator",,,
923,Mounir Canaan,منير كنعان,,Visual art,,,
924,Mounir Ghouri,منير غوري,,Visual art,,,
925,Mounir Said,منير سعيد,,Dance,,,
926,Moustafa Khalil,مصطفى خليل,,Theater,,,
927,Moustafa Youssef,مصطفى يوسف,,Visual art,,,
928,Moustapha Ashraf,مصطفى أشرف,,Visual art,,,
929,Muhammad Taymour,محمد تيمور,,Visual art,,,
930,Mungo Thomson,مونغو طومسون,,Visual art,,,
931,Muqata'a (Boikutt),مقاطعة,,Music,,,
932,Mustafa El Husseiny,مصطفى الحسيني,,Visual art,,,
933,Nabil Boutrus,نبيل بطرس,,Visual Art,,,
934,Nabil El Hady,نبيل الهادي,,Architecture/Urban Planning,,,
935,Nabil Shawkat,نبيل شوكت,,Journalism,,,
936,Nacera Belaza,ناصرة بلازا,,Dance,,,
937,Nada Ayoub,ندى أيوب,,"Visual art, Dance",,,
938,Nada Bakr,ندا بكر,,"Visual art, Arts management",,,
939,Nada Baraka,ندى بركة,,Visual art,,,
940,Nada I. Fathy,ندى فتحي,,Visual art,,,
941,Nada Jan,ندى جان,,Visual art,,,
942,Nada Sabet,ندى ثابت,,"Theater, Performance",,,
943,Nada Shalaby,ندى شلبي,,Visual art,,,
944,Nadah El Shazly,ندى الشاذلي,,Music,,,
945,Nadenh Poan,نادين بوان,,Dance,,,
946,Nadia Mounier,ناديـة منيـر,,Visual art,,,
947,Nadim Bahsoun,نديم بهسون,,Dance,,,
948,Nadim Tabet,نديم ثابت,,"Visual art, Film",,,
949,Nadin Nour Eldin,نادين نور الدين,,Visual art,,,
950,Nadine El Awadly,نديم العوادلي,,Visual art,,,
951,Nagham Salah Othman,نغم صلاح,,Dance,,,
952,Nagla Samir,نجلاء سمير,,Visual art,,,
953,Nahla Hambazaza,نهلة حامبازازا,,Visual art,,,
954,Nahla Mattar,نهلة مطر,,Music,,,
955,Nanda Mohammad,ناندا محمد,,Theater,,,
956,Nashwa Talaat,نشوى طلعت,,"Theater, Music",,,
957,Nasrin Tabatabai,نسرين تباتاباي,,Visual art,,,
958,Nassibian Orchestra,أوركسترا ناصيبيان,,Music,,,
959,Nassim Azarzar,نسيم أزرزار,,Visual art,,,
960,Nat Muller,نات مولر,,Curator,,,
961,Natalia Alfutova,ناتاليا ألفوتوﭬا,,,,,
962,Natascha Sadr Haghighian,ناتاشا صدر حقيقيان,,Visual art,,,
963,Nathalie Loutfi,ناثالي لطفي,,Visual art,,,
964,Nay Noshy,ناي نصحي,,Visual art,,,
965,Nayla Dabaji,نايلة دَبَّاﭺ,,Visual art,,,
966,Nazly Abaza,ناظلي أباظة,,Visual art,,,
967,Neam Tarek,نعم طارق,,Music,,,
968,Nehad Elhegazy,نهاد الحجازي,,Visual art,,,
969,Nehad Said,نهاد سعيد,,Visual art,,,
970,Nelly El Sharkawy,نيللي الشرقاوي,,"Visual art, dance",,,
971,Neobyrd,نيوبيرد,,Music,,,
972,Nermine El Ansari,نرمين الأنصاري,,Visual art,,,
973,Nermine Moustafa,نرمين مصطفى,,"Visual art, Design",,,
974,Nesma El Abd,نسمة العبد,,Visual art,,,
975,Nesreen Mamdouh,نسرين ممدوح,,Visual art,,,
976,Nesrine Khodr,نسرين خدر,,Visual art,,,
977,Nevien Emam, نيفين إمام,,"Visual art, Design",,,
978,Nevine El Ibiary,نيفين الإبياري,,"Theater, Arts management",,,
979,Nevine Farghaly,نيفين فرغلي,,Visual art,,,
980,Nicene Kossentini,نيسان قسنطيني,,"Visual art, Film",,,
981,Nico Krebs,نكو كربس,,Visual art,,,
982,Nicola Galli,نيكولا جالي,,"Performance, Visual Art ",,,
983,Nicolas Consuegra,نيكولاس كوسويغرا,,Visual art,,,
984,Nicole Seiler,نيكول سيلر,,"Theatre, Dance",,,
985,Nida Ghouse,نيدا غوس,,"Visual art, Curator",,,
986,Nida Sinnokrot,ندا سنقرط,,"Visual art, Film",,,
987,Nikhil Chopra,نيكيل شوبرا,,"Visual art, Performance",,,
988,Nikolai Gralak,نيكولاي جرالاك,,Theater,,,
989,Nile Sunset Annex,ملحق غروب على النيل,,"Visual art, Curator",,,
990,Nina El Gebarly,نينا الجبرلي,,Music,,,
991,Noemi Kahn,نويمي كان,,"Film, Arts Management",,,
992,Noha Ali,نها علي,,Visual art,,,
993,Noha Badir,نها بدير,,Theater,,,
994,Noha El Gharabawy,نهى الغرباوي,,Visual art,,,
995,Noha El Sehrawy,نهى الصحراوي,,,,,
996,Noha Hanafi,نهى حنفي,,Visual art,,,
997,Noor Abuarafeh,نور أبو عرفة,,Visual art,,,
998,Noor Afshan Mirza,نور أفشان ميرزا,,Visual art,,,
999,Noor Al Bastaki,نور البستكي,,Visual art,,,
1000,Noor El Safoury,نور الصفوري,,"Curator, Journalism",,,
1001,Noor Ibrahim,نور إبراهيم,,Visual art,,,
1002,Nora Fouad,نورا فؤاد,,Design,,,
1003,Nora Kamal,نورا كمال,,Visual art,,,
1004,Norhan Alaa,نورهان علاء,,Visual Art ,,,
1005,Nork Zakarian,نورك زكاريان,,Visual Art,,,
1006,Nour El Safoury,نور الصفوري,,"Curator, Journalism",,,
1007,Nour Kamel,نور كامل,,Visual art,,,
1008,Nour Mohamed,نور محمد,,Dance,,,
1009,Nour Rashad,نور رشاد,,Visual art,,,
1010,Nour Refaie,نور رفاعي,,Visual art,,,
1011,Noura Seif,نورا سيف,,"Visual art, Dance, Performance",,,
1012,Nouran Mohammed,نوران محمد,,Visual art,,,
1013,Nouran Sherif,نوران شريف,,Visual art,,,
1014,Nourhan R Maayouf,نورهان معيوف,,Visual art,,,
1015,Nourhan Refaat,نورهان رفعت,,Visual art,,,
1016,Nourine Shenawy,نورين الشناوي,,Visual art,,,
1017,Ns Harsha,ن. س. هارشا,,Visual art,,,
1018,Nusquam Productions,نوسكوام ﭘروداكشنز,,Visual art,,,
1019,Obada,عباده,,"Visual art, Film",,,
1020,Oka,أوكا,,Music,,,
1021,Ola Saad,علا سعد,,"Visual art, Sound, Music",,,
1022,Ola Seif,علا سيف,,Curator,,,
1023,Oliver Rossol,أوليفر روسّول,,"Visual art, Film",,,
1024,Omar Abou Doma,عمر أبو دومة,,Music,,,
1025,Omar Ashour,عمر عاشور,,Visual art,,,
1026,Omar El Zohairy,عمر الزهيري,,Film,,,
1027,Omar Ghayatt,عمر غايات,,"Visual art, Theater, Performance",,,
1028,Omar Hamdalla,عمر حمد الله,,Visual art,,,
1029,Omar Khouri,عمر خوري,,"Visual Art, Comics",,,
1030,Omar Mobarek,عمر مبارك,,Visual art,,,
1031,Omar Nagati,عمر نجاني,,Architecture/ Urban Planning,,,
1032,Omar Rajeh,عمر راجح,,Dance,,,
1033,Omer Wasim,عمر وسيم,,Visual art,,,
1034,Omneia Naguib,أمنية نجيب,,"Visual art, Design",,,
1035,Omnia El Shakry,أمنية الشكري,,Academia,,,
1036,Omnia Sabry,أمنية صبري,,Visual art,,,
1037,Omnia Salah,أمنية صلاح,,"Visual art, Academia",,,
1038,Open Lab Egypt OLE,معمل مصر,,Visual art,,,
1039,Ortega,أورتيجا,,Music,,,
1040,Osama Abdel Moneim,أسامة عبد المنعم,,Visual art,,,
1041,Osama Dawod,أسامة داوود,,Visual art,,,
1042,Oscar El Debs,أوسكار الدبس,,"Visual art, Film",,,
1043,Oscar Mangione,أوسكار مانجيونى,,"Visual art, Film",,,
1044,Oscar Murillo,أوسكار موريللو,,Visual Art,,,
1045,Othman Benjakkal,عثمان بنجكال,,Visual Art,,,
1046,Oussama Rifahi,أسامة الرفاعي,,Ars management,,,
1047,Out of the Circle Initiative,خارج الدائرة,,Curator,,,
1048,Outa Hamra,قوطة حمرا,,"Theater, Performance",,,
1049,Pablo De Soto,بابلو دي سوتو,,Architecture/ Urban Planning,,,
1050,Pablo González,بابلو جونزالز,,Visual art,,,
1051,Pacynthe Essam,بسنت عصام,,Visual art,,,
1052,Paed Conca,بائد كونكا,,Music,,,
1053,Pamela Khadra,ﭘاميلا خضرة,,"Visual art, Film",,,
1054,Pancrazio Leonardo De Padova,ﭘانكراتسيو ليوناردو دى ﭘادوﭬا,,Visual art,,,
1055,Paola Yacoub,باولا يعقوب,,Visual art,,,
1056,Papy Ebotani,بابي أبوتاني,,"Performance, Dance",,,
1057,Pascal Rambert,باسكال رومبير,,"Theater, Dance",,,
1058,Patricia Margarita Hernandez,باتريشيا م. هيرنانديز,,"Visual Art, Curator",,,
1059,Patrick Tobias Fischer,باتريك توبياس فيشر,,"Visual art, Design",,,
1060,Patty Chang,باتي تشانج,,Visual art,,,
1061,Patxi Araujo,ﭘاتشى آراوخو,,Visual art,,,
1062,Paul Geday,بول جداي,,"Visual art, Curator",,,
1063,Paul Hage Boutros,بول حاج بطرس,,Visual art,,,
1064,Paulo Tavares,باولو تافاريس,,Architecture/Urban Planning,,,
1065,Paweł Kuźma,باول كوزما,,Music,,,
1066,Pedro Barakat,بيدرو بركات,,Visual art,,,
1067,Pedro Soler,بيدرو سولير,,Curator,,,
1068,Pericentre Projects,بيريسنتر بروجكتس,,Curator,,,
1069,Peter Aerschmann,بيتر أيرشمان,,Visual art,,,
1070,Peter Corser,بيتر كورسير,,"Music, Performance",,,
1071,Peter Fengler,بيتر فنغلر,,Visual art,,,
1072,Peter Nicolas,بيتر نيكولا,,Visual art,,,
1073,Philip Himberg,فيليب هيمبرج,,Theater,,,
1074,Philip Sewell,فيليب سويل,,,,,
1075,Philipp Arnold,فيليب أرنولد,,Performance ,,,
1076,Philippe Gleizes,فيليب جليزس,,Music,,,
1077,Philippe Lacôte,فيليب لاكوت,,Film,,,
1078,Philippe Schwinger,فيليب شفينجر,,Visual art,,,
1079,Pierre Abi Saab,بيار أبي صعب,,Journalism ,,,
1080,Pina Bausch,بينا باوش,,Dance,,,
1081,Pink Twins,ﭘينك توينز,,Visual art,,,
1082,PIPSlab,فرقة PIPS:lab,,Performance ,,,
1083,Praed,برائد,,Music,,,
1084,Qais Assali,قيس عسّالي,,Visual art,,,
1085,Raafat El Bayoumy,رأفت البيومي,,Dance,,,
1086,Raafat Farahat,رأفت فرحات,,Music,,,
1087,Racha Salah,رشا صلاح,,Arts management,,,
1088,Rachel Dedman,رايتشيل ديدمان,,Visual art,,,
1089,Rachmat Hidayat Mustamin,رهمات هدايَّت موستامين,,Film,,,
1090,Radouan Mriziga,رضوان مريزيجا ,,Dance,,,
1091,Raed Yassin,رائد ياسين,,"Visual Art, Music",,,
1092,Raeda Saadeh,رائدة سعادة,,Performance,,,
1093,Raeda Taha,رائدة طه,,Theater,,,
1094,Rain Wu,رين وو,,Visual art,,,
1095,Rajkamal Kahlon,راج كمال كاهلون,,Visual art,,,
1096,Rami Abadir,رامي أبادير,,"Music, Journalism, Curator",,,
1097,Ramy Beshr,رامي بشر,,Architecture/Urban Planning,,,
1098,Ramy Dozy,رامي دوزي,,Visual art,,,
1099,Ran Chai Bar-zvi,ران تشاي بار-زفي,,Theater,,,
1100,Rana Abdel Nabi,رنا عبد النبي,,Visual art,,,
1101,Rana El Nemr,رنا النمر,,Visual art,,,
1102,Rana Hamadeh,رنا حماده,,"Visual art, Performance",,,
1103,Rana Samir,رامي سمير,,Visual art,,,
1104,Randa Mirza,راندا ميرزا,,Visual art,,,
1105,Rania Atef,رانيا عاطف,,Visual art,,,
1106,Rania Fouad,رانيا فؤاد,,Visual art,,,
1107,Rania Stephan,رانيا اسطفان,,"Film, Visual art",,,
1108,Rap Gunz,راب جنز,,Music,,,
1109,Raphael Hefti,رفائل هفتي,,Visual art,,,
1110,Raqs Media Collective,مجموعة رقص ميديا,,"Visual art, Performance",,,
1111,Rasha Amin,رشا أمين,,Visual art,,,
1112,Rasha Salti,رشا سلطي,,"Film, Curator",,,
1113,Rawaa Sherif,رضوى شريف,,Visual art,,,
1114,Raymond M,ريمون م,,Music,,,
1115,Rayya Badran,ريا بدران,,"Journalism, Sound, Music",,,
1116,Rayyane Tabet,ريان تابت,,Visual Art,,,
1117,Razan Saeed,رزان سعيد,,Visual Art,,,
1118,Reda Zine,رضا زين,,,,,
1119,Reem El Maghraby,ريم المغربي,,Visual art,,,
1120,Reem Fadda,ريم فضة,,Curator,,,
1121,Reem Hegab,ريم حجاب,, Visual art,,,
1122,Reem Naim,ريم نعيم,,Design,,,
1123,Reem Shilleh,ريم شيلح,,Film,,,
1124,Rehab El Dalil,رحاب الدليل,,Visual art,,,
1125,Reham Abouelwafa,ريهام أبو الوفا,,Visual art,,,
1126,Remo Beuggert,ريمو بوجرت,,Theater,,,
1127,Remo Zarantonello,رسمو زرانتونله,,Theater,,,
1128,Rene Gabri,رينيه جابري,,Visual art,,,
1129,Renzo Martens,رنزو مارتينز,,Film,,,
1130,Rheim Alkadhi,ريم القاضي,,Visual art,,,
1131,Ricard Terés,ريكارد تيريس,,Theater,,,
1132,Riham Ali Kassim,ريهام علي قاسم,,Visual art,,,
1133,Rirkrit Tiravanija,ريركريت تيرافانيا,,Visual art,,,
1134,Rob Feulner,روب فولينر,,Visual art,,,
1135,Roberto Fratini,روبرتو فراتيني,,theatre,,,
1136,Rodney McMillian,رودني مكملين,,Visual Art,,,
1137,Roger Anis,روجيه أنيس,,Visual Art,,,
1138,Roger Bernat,روجيه برنا,,"Visual Art, Architecture/Urban Planning, Theatre ",,,
1139,Roisin Wanas,رويسين واناس,,Visual art,,,
1140,Roland Fuhrmann,رولاند فورمان,,"Visual art, Film",,,
1141,Rolf C Hemke,رولف سي حمكه,,Curator,,,
1142,Rónan MacRaois,رونان ماكرويس,,theatre,,,
1143,Rosalind Nashashibi,روزاليند نشاشيبي,,"film, visual art",,,
1144,Ross Simonini,روس سيمونيني,,visual art,,,
1145,Roupen Karsian,روبن كارسيان,,Music,,,
1146,Roy Dib,روي ديب,,"Visual art, Performance, Journalism",,,
1147,Roy Samaha,روي سماحة,,Visual art,,,
1148,Rozenn Quere,روزين كيري,,Visual Art,,,
1149,Ruanne Abou-Rahme,روان أبو رحمة,,Visual Art,,,
1150,Rui Calcada,روي كالسادا,,"film, visual art",,,
1151,Ruohan Wang,روهان وانج,,Visual Art,,,
1152,Ryan Gander,رايان غاندر,,Visual Art,,,
1153,Ryan Inouye,راين إنويه,,curator,,,
1154,Saba3aktouber, ٧ أكتوبر,,curator,,,
1155,Sabah Naim,صباح نعيم ,, Visual Art,,,
1156,Saber El Sayed,صابر السيد,,Theater,,,
1157,Sad Panda,ساد باندا,, Visual Art,,,
1158,Sadat,سادات,,Music,,,
1159,Safaa Abdalla,صفاء عبد الله,,"Music, Theater",,,
1160,Said Kamel,سعيد كامل,,Visual art,,,
1161,Saira Sheikh,سايرا شيخ,,Visual art,,,
1162,Salah al-Miligi,صلاح المليجي,,Curator,,,
1163,Salah M. Hassan,صلاح محمد حسن,,curator,,,
1164,Salim El-Habashi,سليم الحبشي,,Visual Art,,,
1165,Sally Samy,سالي سامي,,Visual Art,,,
1166,Salma Abed,سلمى عابد,,"Performance, Visual art",,,
1167,Salma Aboul Hussein,سلمى أبو الحسين,,Visual art,,,
1168,Salma El Ashry,سلمى العشري,,Visual art,,,
1169,Salma El Shaffei,سلمى الشافعي,,Visual art,,,
1170,Salma Osama,سلمى أسامة,,Visual art,,,
1171,Salma Shehattah,سلمى شحاتة,,Visual art,,,
1172,Saloua Ben Salah,سلوى بن صلاح,,"Music, Performance, Arts management",,,
1173,Saloua Raouda Choucair,سلوى روضة شقير,,Visual art,,,
1174,Sam Bardaouil,سام بردويل,,"Curator, Academia",,,
1175,Sam Shalabi,سام شلبي,,Music,,,
1176,Sam Williams,سام ويليامز,,Visual art,,,
1177,Sama Waly,سما والي,,"Visual art, Journalism",,,
1178,Samah Nagy,سماح ناجي,,Visual art,,,
1179,Samar El-Abbasy,سمر العباسى,,Visual art,,,
1180,Samar Galal,سمر جلال,,Theater,,,
1181,Samar Khaled,سمر خالد,,Visual art,,,
1182,Samar Samy,سمر سامي,,Visual art,,,
1183,Sameh Al Tawil,سامح الطويل,,Visual art,,,
1184,Sameh Ismael,سامح إسماعيل,,Visual Art,,,
1185,Samer Saem Eldahr,سامر صائم الدهر,,"Music, Visual Art",,,
1186,Sami Syrjä,سامي سيرجا,,Visual art,,,
1187,Samia Talaat,سامية طلعت,,Design,,,
1188,Samir El Kordy,سمير الكردي,,Architecture/Urban Planning,,,
1189,Samir Khaddaj,سمير خداج,,,,,
1190,Samir Nabil,سمير نبيل,,"Music, Sound",,,
1191,Samir Rafi,سمير رافع,,Visual art,,,
1192,Sammy Sayed,سامي سيد,,Music,,,
1193,Samuel Nashaat,صامويل نشأت,,Visual Art,,,
1194,Sandra Dagher,ساندرا داغر,,Curator,,,
1195,Sanja Iveković,سانيا إفيكوفيتش,,Visual art,,,
1196,Sankar Venkateswaran,سانكار فينكاتيسواران,,Theatre,,,
1197,Sara Atwa,سارة عطوة,,Visual art,,,
1198,Sara El Sawy,سارة الصاوي,,Visual art,,,
1199,Sara Hamdy,سارة حمدي,,Visual art,,,
1200,Sara Hess,سارة هس,,Theater,,,
1201,Sara Nabil,سارة نبيل,,Visual art,,,
1202,Sara Pfrommer,سارة بفرومر,,Visual art,,,
1203,Sara Saed,ساره سعيد,,Visual Art,,,
1204,Sara Sallam,سارة سلام,,"Visual art, Photography",,,
1205,Sara Sehnaoui,سارة صحناوي,,"Theater, Arts management",,,
1206,Sara Younes,سارة يونس,,Visual art,,,
1207,Sarah Ibrahim,سارة إبراهيم,,Visual art,,,
1208,Sarah Rifky,سارة رفقي,,"Visual art, Curator",,,
1209,Sarah Samy,سارة سامي,,Visual art,,,
1210,Sarah Zeryab,سارة زرياب,,Visual Art,,,
1211,Sarnath Banerjee,سارناث بانيرجي,,"Design, Film",,,
1212,Sarra Ben Attia,سارة بن عطية,,Visual art,,,
1213,Sascha Thoma,ساشا توما,,Design,,,
1214,Saskia Holmkvist,ساسكيا هولمكفيست,,Visual art,,,
1215,Sawsan Al Saraf,سوسن الصراف,,Visual art,,,
1216,Sawsan Bou Khaled,سوسن بو خالد,,"Theater, Performance",,,
1217,Sayed Darwish,سيد درويش,,Music,,,
1218,Sayed Ragab,سيد رجب,,Film,,,
1219,Sebastian Diaz Morales,سيباستيان دياز موراليس,,Visual art,,,
1220,Sebastian Piatza,سباستيان بياتزا,,"Design, Visual art",,,
1221,Seif Abdel Salaam,سيف عبد السلام,,Theatre,,,
1222,Seif El Aswany,سيف الأسواني,,"Film, Theater",,,
1223,Sejnane potters,خزافين سجنان,,"Handicraft, Visual art",,,
1224,Selim Yousef,سليم يوسف,,Visual art,,,
1225,Selma Ouissi,سملى ويسي,,"Performance, Curator",,,
1226,Sepa Ali,صبا علي,,Visual art,,,
1227,Sergio De La Torre,سيرﭽيو دى لا توررى,,Film,,,
1228,Setareh Shahbazi,سيتاريه شهبازي,,Visual art,,,
1229,Seyed Sajad Moosavi,سيد سجاد موسوي,,Film,,,
1230,Shadi Baker,شادي بكر,,Visual art,,,
1231,Shadi El Hosseiny,شادي الحسيني,,Music,,,
1232,Shadi Habib Allah,شادي حبيب الله,,"Visual art, Film",,,
1233,Shadwa Ali,شدوى علي,,Visual art,,,
1234,Shady Abdel Rahman,شادي عبد الرحمن,,Dance,,,
1235,Shady Atef,شادي عاطف,,"Theater, Performance",,,
1236,Shady El Noshokaty,شادي النشوقاتي,,Visual Art ,,,
1237,Shady Kodsi,شادي قدسي,,"Film, Visual art",,,
1238,Shady Moustafa,شادي مصطفى,,Visual art,,,
1239,Shahenaz Fouad,شاهيناز فؤاد,,Visual art,,,
1240,Shahira Hammad,شهيرة حماد,,Design,,,
1241,Shahira Issa,شهيرة عيسى,,"Visual art, Curator",,,
1242,Shahira Kamal,شهيرة كمال,,Visual art,,,
1243,Shaima Atef,شيماء عاطف,,Visual art,,,
1244,Shaimaa Ashour,شيماء عاشور,,Academia,,,
1245,Shaimaa Elgawady,شيماء الجوادي,,Visual art,,,
1246,Shaimaa Samir,شيماء سمير ,,Visual art,,,
1247,Shannon Leah Collis,شانون ليا كوليس,,Visual art,,,
1248,Sharif Sehnaoui,شريف صحناوي,,Music,,,
1249,Shatha Al Deghady,شذا الدغيدي,,Visual art,,,
1250,Shaurya Kumar,شوريا كومار,,Visual art,,,
1251,Shayma Kamel,شيماء كامل,,Visual art,,,
1252,Shaymaa Shoukry,شيماء شكري,,Dance,,,
1253,Shaza Aly,شذى على,,Performance,,,
1254,Shehab Awad,شهاب عوض,,Curator,,,
1255,Shehta Karika,شحته كريكا,,Music,,,
1256,Shelly Silver,شيلى سيلڤر,,"Film, Visual Art",,,
1257,Sherif Amr,شريف عمرو,,Visual art,,,
1258,Sherif Boraie,شريف برعي,,"Visual art, Journalism",,,
1259,Sherif El Azma,شريف العظمة,,"Visual art, Film",,,
1260,Sherif Hassanein,شريف حسنين,,Dance,,,
1261,Sherif Hosni,شريف حسني,,Visual art,,,
1262,Sherif Makki,شريف مكي,,Visual art,,,
1263,Sherifa Hamid,شريفة حامد,,Visual art,,,
1264,Sherifa Roushdy,شريفة رشدي,,Visual art,,,
1265,Sherin Hegazy,شيرين حجازي,,Dance,,,
1266,Sherry Ashraf,شيري اشرف,,Dance,,,
1267,Shinigami San, شينيغامي سان,,Music,,,
1268,Shirin Abu Shaqra,شيرين ابو شقرة,,Film,,,
1269,Shirin Neshat,شيرين نشأت,,Visual Art,,,
1270,Shorba,شوربة,,Music,,,
1271,Shorouk El Zomor,شروق الزمر,,Music,,,
1272,Shubhangi Singh,شوبهانجى سينج,,"Visual art, Film",,,
1273,Shuruq Harb,شروق حرب,,Visual Art,,,
1274,Sibylle Peters,سيبيل بيترز,,"Performance, Theatre",,,
1275,Siegmund Skalar,سيجمند سكالار,,Film,,,
1276,Simon Dokkedal,سيمون دوكوديل,,Music,,,
1277,Simon Hanna,سيمون حنا,,Film,,,
1278,Simon Welch,سيمون ويلش,,Film,,,
1279,Simone Truong,سيمون ترونج,,Performance,,,
1280,Siobhán Ní Dhuinnín,سيوبهان ني دهونين,,Performance,,,
1281,Skander Besbes (SKNDR),اسكندر بسبس,,Music,,,
1282,SKIP&DIE,سكيب أند داي,,Music,,,
1283,Slah Ben Ayed,صلاح بن عياد,,Visual art,,,
1284,Slimen Elkamel,سليمان الكامل,,Visual Art,,,
1285,Sofia Simaki,صوفيا سيماكي,,Visual Art,,,
1286,Sofiane Ouissi,سفيان ويسي,,"Performance, Curator",,,
1287,Soha Elsirgany,سها السرجاني,,"Visual Art, Design, Journalism",,,
1288,Soheir Sharara,سهير شرارة,,Film  ,,,
1289,Song Ta,سونغ تا,,Visual Art,,,
1290,Sonia Armaniaco,سونيا آرامانياكو,,Visual Art,,,
1291,Sonia Kallel,سنية قلال,,Visual Art,,,
1292,Sonja Feldmeier,سونيا فلدمير,,Visual art ,,,
1293,Soren Thilo Funder,سورين تيلو فوندر,,"Visual art, Film",,,
1294,Souad Abdel Rassoul,سعاد عبد الرسول,,Visual Art ,,,
1295,Soufiane Ouissi,سفيان ويسي,,"Dance, Choreography, Curator",,,
1296,Stefan Kaegi,ستيفان كايجي,,Theatre,,,
1297,Stefania Angarano,ستيفانيا انجارانو,,Curator,,,
1298,Stefanie Schulte,ستيفاني شولته,,"Film, Curator",,,
1299,Stéphane Vecchione,ستيفان فيشيون,,"Music, Sound",,,
1300,Stéphanie Saadé,ستيفاني سعدي,,Visual art,,,
1301,Stille Storihle,ستيلي ستورهيل,,Film,,,
1302,Stopgap Dance Company,فرقة ستوبجاب,,Performance ,,,
1303,Studio Bela,ستوديو بيلا,,Visual art,,,
1304,Studio Khana for Culture Development,ستوديو خانة,,Visual art,,,
1305,Studio Stella,ستوديو ستيللا,,Visual art,,,
1306,Suhayla Al-Sheikh,سهيلة الشيخ,,Design,,,
1307,Sulaiman Majali,سليمان مجلي,,Visual art,,,
1308,Superflex,سوبرفليكس,,Visual art,,,
1309,Surowiec Łukasz,لوكاش سوروﭬييتس,,Visual art,,,
1310,Susan Hefuna,سوزان حفونه,,Visual Art,,,
1311,Susanne Pfeffer,سوزانة فيفر,,"Curator, Art Historian",,,
1312,Suzannah Mirghani,سوزانا ميرغنى,,Film,,,
1313,Suzanne,سوزان,,Music,,,
1314,Suzanne Cotter,سوزان كوتر,,Curator,,,
1315,Sven Nichterlein,سفين نيتشرلين,,Performance,,,
1316,Sviatoslav Kozlov,سڤياتوسلاﭪ كوزلوﭪ,,Film,,,
1317,Sylvi Kretzschmar,سيلفي كريتزشمار ,,Performance,,,
1318,T.K Capoeira,تي كي كابويرا,,Performance,,,
1319,Taha Belal,طه بلال,,Visual art,,,
1320,Taha Ennouri,طه النوري,,Music,,,
1321,Tahoon,طاحون,,Music,,,
1322,Taisia Korotkova,تايسيا كوروتكوفا,,Visual art,,,
1323,Taiyo Onorato,تايو أونوراتو,,Visual art,,,
1324,Takashi Ishida,تاكاشي إيشيدا,,"Film, Visual Art",,,
1325,Take to the Sea,للبحر در,,Visual art,,,
1326,Taloi Havini,تالوي هافيني,,Visual Art,,,
1327,Tamar Hemmes,تامار هيميس,,Curator,,,
1328,Tamara Al Samerraei,تمارا السامرائي,,Visual Art,,,
1329,Tamer Abu Ghazaleh,تامر أبو غزالة,,Music,,,
1330,Tamer Badr Eldin (Keny),تامر بدر الدين,,Dance,,,
1331,Tamer Eissa,تامر عيسى,,Film,,,
1332,Tamer Shaheen,تامر شاهين,,Visual art,,,
1333,Tamsin Solanum,تامسين سولانوم,,Music,,,
1334,Tania El Khoury,تانيا الخوري,,Performance ,,,
1335,Taoufiq Izeddiou,توفيق أزديو,,"Performance, Dance",,,
1336,Tara Brandel,تارا برانديل,,Dance,,,
1337,Tarek Abou El Fetouh,طارق أبو الفتوح,,Curator,,,
1338,Tarek Atoui,طارق عطوي,,"Visual Art, Music",,,
1339,Tarek El Marzougui,طارق المرزوقي,,Visual Art,,,
1340,Tarek Hefny,طارق حفني,,Film,,,
1341,Tarek Hussein,طارق حسين,,Music,,,
1342,Taro Shinoda,تارو شينودا,,Visual Art,,,
1343,Tasnim Abdelrahman,تسنيم عبد الرحمن,,Visual Art,,,
1344,Taysir Bhatniji,تيسير البطنيجي,,Visual Art,,,
1345,Telepoetic,تيليبويتيك,,Music,,,
1346,Temple Theatre Company,فرقة المعبد المسرحية,,Theatre,,,
1347,Thadeusz Tischbein,تادِيوس تيشباين,,Visual Art,,,
1348,The Invisible Hands,الأيادي الخفية,,Music,,,
1349,The Mozza,الموزة,,Visual art,,,
1350,The Otolith Group,مجموعة أوتوليث,,Film,,,
1351,The Propeller Group,مجموعة ذا بروبلر ,,"Visual Art, Design",,,
1352,Theater HORA,مسرح هورا,,Theatre,,,
1353,Theus Zwakhals,ثيوس زواخالس,,Film,,,
1354,Thodoris Trampas,ثودوريس ترامپاس,,Visual Art,,,
1355,Thomas Burkhalter,توماس بورخالتر,,"Theatre, Film",,,
1356,Thomas Hartwell,توماس هارتويل,,"Journalism, Visual art",,,
1357,Thomas Isler,توماس إيسلر,,Film,,,
1358,Thomas Keenan,توماس كينان,,Academia,,,
1359,Thorbjörn Björnsson,ثوربيورن بيورنسون,,"Theater, Performance",,,
1360,Tiger,تيجر,,Dance,,,
1361,Till Fellrath,تيل فيلرات,,"Curator, Academia",,,
1362,Tim Porter,تيم بورتر,,Visual Art,,,
1363,Timo Anttila,تيمو أنتيلا,,Sound Design,,,
1364,Tita Salina,تيتا سالينا,,Visual Art,,,
1365,Tiziana Pagliaro,تيزيانا باجليارو,,Theater,,,
1366,Tobi Ayedadjou, توبي آيدادجو,,Visual Art,,,
1367,Tobias Christl,توبياس كريستل,,Music,,,
1368,Tom Bogaert,توم بوغارت ,,Visual Art,,,
1369,Tommaso Cappellato,توماسو كابلاتو,,Music,,,
1370,Tonico Lemos Auad,تونيكو ليموس عوض,,Visual Art,,,
1371,Tony Clifton Circus,فرقة سيرك توني كليفتون,,Performance,,,
1372,Tuqa El-Harouny,تقي الهاروني,,Visual art,,,
1373,Tuqa Sabry,تقى صبري,,Visual Art,,,
1374,Txalo Toloza,تكسالو تولوزا,,Visual Art,,,
1375,Ulla Nolden,أولا نولدن,,Visual Art,,,
1376,Ulla von Brandenburg,أولا فون براندنبورغ,,Visual Art,,,
1377,Unnikrishnan C,يوني كريشنان سي,,Visual Art,,,
1378,Uriel Barthélémi,أوريل بارتيليمي,,Music,,,
1379,Uriel Orlow,أوريل أورلو,,Visual Art,,,
1380,Ursula Biemann,أورسولا بييمان,,Visual Art,,,
1381,Vahida Ramujkic,فاهيدا راموجيك,,Visual Art,,,
1382,Valerie Wolf Gang,ﭬاليرى وولف جانج,,Visual Art,,,
1383,Van Leo,فان ليو,,Visual Art,,,
1384,Vanesa Abajo Perez,فانيسا أباخو بيريز,,Film,,,
1385,Vartan Avakian,فارتان أفاكيان,,Visual Art,,,
1386,Venzha Christ,فينزا كريست,,Visual Art,,,
1387,Veronique Sorano-Stedman,فيرونيك سورانو - ستيدمان,,Visual art,,,
1388,Vibeke Bertelsen,ﭬيبيكِهْ بيرتيلسِن,,Visual Art,,,
1389,Vikram Divecha,فيكرام ديفيتشا,,Visual Art,,,
1390,Vincent Borcard,فنسنت بوركارد,,"Visual art, Film",,,
1391,Vitoria Kotsalou,فيتوريا كوتسالو,,Performance,,,
1392,VJ Um Amel,أم أمل,,Visual Art,,,
1393,VR/urban,في أر/اربان,,"Design, Visual art",,,
1394,Wael Kodeih,وائل قديح,,"Music, Visual art",,,
1395,Wael Qaddour,وائل قدور,,"Theater, Journalism",,,
1396,Wael Shawky,وائل شوقي,,Visual Art,,,
1397,Wafaa Samir,وفاء سمير,,Visual Art,,,
1398,Waheeda Malullah,وحيدة مال الله,,Visual Art,,,
1399,Walaa El Sayed,ولاء السيد,,Visual art,,,
1400,Walaa Farag,ولاء فرج,,Visual art,,,
1401,Walid Elsawi,وليد الصاوي,,Visual art,,,
1402,Walid Mtimet,وليد مطيمط,,Arts management,,,
1403,Walid Raad,وليد رعد,,Visual Art,,,
1404,Walid Sadek,وليد صادق,,Film,,,
1405,Walid Siti,وليد سيتي,,Visual Art,,,
1406,Waraq Collective,جماعة ورق,,"Design, Performance",,,
1407,Weaam El Masry ,وئام المصرى,,Visual Art,,,
1408,Weaam Said,وئام سعيد,,Visual art,,,
1409,Wednesday Kim,وينيزداى كيم,,Visual Art,,,
1410,Wensh,ونش,,Visual Art,,,
1411,Wessam Quraish,وسام قريش,,Visual art,,,
1412,William Wells,ويليام ويلز,,"Curator, Arts Management",,,
1413,Xiaolu Yu,شياولو يو,,"Sound Art, Visual Art",,,
1414,Xu Tan,شو تان,,Visual Art,,,
1415,Yacine Blaiech,ياسين بليش,,Design,,,
1416,Yahya Abodan,يحيى عبودان,,Dance,,,
1417,Yannick Jacquet,يانيك جاكيه,,Visual Art,,,
1418,Yara Mekawi,يارا مكاوي,,Sound Art,,,
1419,Yasmin Elayat,ياسمين العياط,,Visual Art,,,
1420,Yasmina Haddad,ياسمينة حداد,,Visual Art,,,
1421,Yasmina Kabbara,ياسمينة كبارة,,"Visual Art, Design",,,
1422,Yasmine Abdelaziz,ياسمين عبد العزيز,,Visual art,,,
1423,Yasmine Eid-Sabbagh,ياسمين عيد الصباغ,,Visual Art,,,
1424,Yasmine Elmeleegy,ياسمين المليجي,,Visual Art,,,
1425,Yasmine Emam,ياسمين إمام,,Theatre,,,
1426,Yasmine Hamdan,ياسمين حمدان,,Music,,,
1427,Yasmine Jaamea,ياسمين جامع,,Visual Art,,,
1428,Yasmine Kamel,ياسمين كامل,,Dance,,,
1429,Yasmine Nagui,ياسمين ناجوي,,Design,,,
1430,Yasser Alwan,ياسر علوان,,Film,,,
1431,Yassin Al Tohamy,ياسين التهامي,,Music,,,
1432,Yazan Khalili,يزن خليلي,,Visual Art,,,
1433,Yilmaz Dziewior,يلماز ذزيوير,,"Curator, Journalism",,,
1434,Ymene Chetouane,إيمان شتوان,,Visual Art,,,
1435,Yomna Akram Khattab,يمنى أكرم خطاب,,Visual Art,,,
1436,Yomna Nafea,يمنى نافع,,Visual Art,,,
1437,Youmna Taha,يمنى طه,,Visual Art,,,
1438,Youness Atbane,يونس عطبان,,"Visual art, Dance, Performance",,,
1439,Youness Khoukhou,يونس خوخو ,,Performance,,,
1440,Young Joo Lee,يونج ﭽو لى,,Visual Art,,,
1441,Yousria Ghorab,يسرية غراب,,Film,,,
1442,Youssef Faltas,يوسف فلتس,,Design,,,
1443,Youssef Limoud,يوسف ليمود,,"Visual Art, Journalism",,,
1444,Youssef Nabil,يوسف نبيل,,Visual Art,,,
1445,Youssef Ragheb,يوسف راغب,,Visual art,,,
1446,Yto Barrada,إيطو برادة,,Visual Art,,,
1447,Yuk-Yiu IP,يوك-يويه,,Film,,,
1448,Yuri Muraoka,يورى موراوكا,,Film,,,
1449,Zach Vanes,زاك فانز,,Visual Art,,,
1450,Zainab Magdy,زينب مجدي,,Theatre,,,
1451,Zakaria El Eskandarani,زكريا الإسكندراني,,Music,,,
1452,Zakariya Tag El Sir,زكريا تاج السر,,"Music, Theater",,,
1453,Zarina Bhimji,زارينا بهمجي,,Film,,,
1454,Zein Abdelkafi,زين عبد الكافي,,Music,,,
1455,Zeina Aly,زينة علي,,Music,,,
1456,Zeina Asfour,زينة عصفور,,Visual Art,,,
1457,Zeina Khalil,زينة خليل,,Visual art,,,
1458,Zeina Medwar,زينة مدور,,Visual art,,,
1459,Zeinab Adel,زينب عادل,,Visual art,,,
1460,Zeinab Al Hashemi,زينب الهاشمي,,Visual Art,,,
1461,Zena El Khalil,زينة الخليل,,"Visual Art, Performance",,,
1462,Zeynep Öz,زينب أوز,,Visual Art,,,
1463,Zhou Tao,جو تاو,,Visual Art,,,
1464,Ziad Hassan,زياد حسن,,Visual art,,,
1465,Ziad Joseph Hage,زياد جوزيف حاج,,Visual Art,,,
1466,Zico,زيكو,,"Performance, Visual art",,,
1467,Zied Meddeb Hamrouni,زياد مدب حمروني,,"Film, Sound, Music",,,
1468,Zienab Adel,زينب عادل,,Visual Art,,,
1469,Zimo,زيمو,,"Music, Visual Art",,,
1470,Zineb Sedira,زينب سديرة,,"Visual Art, Film",,,
1471,Zino Wey,زينو وي,,Film ,,,
1472,Zosia Jo,زوسيا جو,,Performance,,,
1473,Asem Tag,عاصم تاج,"['5', '6']",Music;موسيقى,,,
1474,Mako Kubeck,ماكو كوبيك,"['18', '19']","['Dance', 'رقص']",,,
1475,Kae Kubo,كاي كوبو,['18'],['Dance'],,,
1476,Hussam Jaduo,حسام جدعو,,,,,
1477,Hossam Ali,حسام علي,['7'],['Visual art'],,,
