id,topic
1,development
2,South Sinai
3,Agricultural Museum
4,zoo
5,nature
6,gender
7,women
8,social resistance
9,nihilism
10,dystopia
11,paranoia
12,chaos
13,corruption
14,violence
15,death
16,memory
17,family
18,conspiracy
19,internet
20,conspiracy theories
21,facebook
22,revolution
23,magazines
24,social status
25,street art
26,Cairo
27,portraits
28,marriage
29,wedding
30,Time
31,religion
32,Islam
33,electronic music
34,science
35,Obsession
36,Tokyo
37,Manshiet Nasser
38,technique
39,media
40,national identity
41,art
42,presentation
43,power dynamics
44,history
45,Alexandria
46,documentation
47,home
48,belonging
49,dance
50,voyeurism
51,biographies
52,identity
53,nationhood
54,documents
55,bureaucracy
56,graduation
57,islamic art
58,traditional art
59,production process
60,artist dialogue
61,Coding
62,Identity
63,Digitalization
